TRACKER,DATE,TIME,GS Lat,GS Lon,GS Alt asl,TRACKER Lat,TRACKER Lon,TRACKER Alt asl,FIX,HORZV,VERTV,HEAD,FLAGS,#TOT,>40,>32,>24,RSSI Down,RSSI Up,Horizontal range (ft),Alt AGL (ft),Total range (ft),LoRa Max Range (kft),LoRa Success Rate,BATT,GS_batt_v,Down Sent,Down Rcvd,Found Sent,Up Sent,Up Rccvd,Found rocket ID,Found rocket lat,Found rocket lon,Found rocket altitude,Found rocket fix,Found rocket batt_v,Found RSSI,GS_ASL_offset
ElBlastoTr2,2025-08-22,12:30:59.183,47.99017,-81.85088,1234.1,47.98684,-81.84848,1187.7,3,0,0,-98,0x01,26,1,13,4,-88,-95,1347.62,-44.393,1348.416,169.655,95%,4.080,3.705,5220,421,0,415,4776,,0.00000,0.00000,0.0,0,0.0,-50,-2.0
ElBlastoTr2,2025-08-22,12:31:00.204,47.99017,-81.85088,1234.1,47.98684,-81.84849,1187.3,3,0,0,-60,0x01,27,1,13,4,-87,-95,1347.41,-44.763,1348.228,190.327,95%,4.075,3.705,5221,422,0,416,4777,,0.00000,0.00000,0.0,0,0.0,-50,-2.0
ElBlastoTr2,2025-08-22,12:31:01.195,47.99017,-81.85088,1234.1,47.98684,-81.84849,1187.1,3,0,0,-47,0x01,26,2,12,5,-92,-95,1347.27,-45.000,1348.087,107.017,95%,4.075,3.703,5222,423,0,417,4778,,0.00000,0.00000,0.0,0,0.0,-50,-2.0
ElBlastoTr2,2025-08-22,12:31:02.183,47.99017,-81.85088,1234.1,47.98684,-81.84849,1186.9,3,0,0,-42,0x01,26,2,12,4,-89,-97,1347.16,-45.177,1347.988,151.154,95%,4.082,3.701,5223,424,0,418,4779,,0.00000,0.00000,0.0,0,0.0,-50,-2.0
ElBlastoTr2,2025-08-22,12:31:03.206,47.99017,-81.85088,1234.1,47.98684,-81.84849,1186.7,3,0,0,-49,0x01,26,2,12,6,-88,-96,1347.04,-45.423,1347.880,169.583,95%,4.082,3.705,5224,425,0,419,4780,,0.00000,0.00000,0.0,0,0.0,-50,-2.0
ElBlastoTr2,2025-08-22,12:31:04.193,47.99017,-81.85088,1234.1,47.98684,-81.84849,1186.6,3,0,0,29,0x01,26,2,11,7,-89,-96,1346.96,-45.502,1347.798,151.131,95%,4.086,3.707,5225,426,0,420,4781,,0.00000,0.00000,0.0,0,0.0,-50,-2.0
ElBlastoTr2,2025-08-22,12:31:05.184,47.99017,-81.85088,1234.1,47.98684,-81.84849,1186.4,3,0,0,-45,0x01,25,2,11,8,-89,-95,1346.88,-45.715,1347.731,151.123,95%,4.086,3.703,5226,427,0,421,4782,,0.00000,0.00000,0.0,0,0.0,-50,-2.0
ElBlastoTr2,2025-08-22,12:31:06.174,47.99017,-81.85088,1234.1,47.98684,-81.84849,1186.4,3,0,0,-83,0x01,25,2,11,8,-88,-96,1346.90,-45.659,1347.740,169.564,95%,4.086,3.705,5227,428,0,422,4783,,0.00000,0.00000,0.0,0,0.0,-50,-2.0
ElBlastoTr2,2025-08-22,12:31:07.253,47.99017,-81.85088,1234.1,47.98684,-81.84849,1186.9,3,0,0,-23,0x01,24,2,12,7,-89,-95,1347.03,-45.233,1347.862,151.140,95%,4.069,3.704,5228,429,0,423,4784,,0.00000,0.00000,0.0,0,0.0,-50,-2.0
ElBlastoTr2,2025-08-22,12:31:08.185,47.99017,-81.85088,1234.1,47.98684,-81.84849,1187.3,3,0,0,72,0x01,24,2,11,7,-92,-96,1347.19,-44.741,1348.004,107.011,95%,4.069,3.704,5229,430,0,424,4785,,0.00000,0.00000,0.0,0,0.0,-50,-2.0
ElBlastoTr2,2025-08-22,12:31:09.232,47.99017,-81.85088,1234.1,47.98684,-81.84849,1188.1,3,0,0,-68,0x01,24,2,11,8,-88,-98,1347.45,-44.009,1348.233,169.633,95%,4.082,3.703,5230,431,0,425,4786,,0.00000,0.00000,0.0,0,0.0,-50,-2.0
ElBlastoTr2,2025-08-22,12:31:10.196,47.99017,-81.85088,1234.1,47.98684,-81.84848,1189.1,3,0,0,166,0x01,23,2,10,8,-89,-96,1347.78,-43.025,1348.529,151.223,95%,4.082,3.706,5231,432,0,426,4787,,0.00000,0.00000,0.0,0,0.0,-50,-2.0
ElBlastoTr2,2025-08-22,12:31:11.183,47.99017,-81.85088,1234.1,47.98684,-81.84848,1190.2,3,0,0,102,0x01,24,2,11,8,-89,-96,1348.15,-41.840,1348.862,151.265,95%,4.084,3.703,5232,433,0,427,4788,,0.00000,0.00000,0.0,0,0.0,-50,-2.0
ElBlastoTr2,2025-08-22,12:31:12.174,47.99017,-81.85088,1234.1,47.98684,-81.84847,1191.5,3,0,0,122,0x01,24,2,10,8,-92,-97,1348.55,-40.603,1349.226,107.119,95%,4.084,3.708,5233,434,0,428,4789,,0.00000,0.00000,0.0,0,0.0,-50,-2.0
ElBlastoTr2,2025-08-22,12:31:13.193,47.99017,-81.85088,1234.1,47.98684,-81.84846,1193.5,3,7,17,51,0x01,22,1,5,12,-88,-98,1349.64,-38.596,1350.252,169.910,95%,4.085,3.705,5234,435,0,429,4790,,0.00000,0.00000,0.0,0,0.0,-50,-2.0
ElBlastoTr2,2025-08-22,12:31:14.185,47.99017,-81.85088,1234.1,47.98684,-81.84840,1250.8,3,53,35,71,0x01,20,0,3,0,-91,-92,1356.75,18.662,1356.850,120.920,95%,4.085,3.705,5235,436,0,430,4791,,0.00000,0.00000,0.0,0,0.0,-50,-2.0
ElBlastoTr2,2025-08-22,12:31:15.205,47.99017,-81.85088,1234.1,47.98687,-81.84805,1280.7,3,95,16,89,0x01,12,0,3,1,-93,-101,1388.82,48.632,1389.597,98.321,96%,4.085,3.703,5236,437,0,431,4792,,0.00000,0.00000,0.0,0,0.0,-50,-2.0
ElBlastoTr2,2025-08-22,12:31:16.195,47.99017,-81.85088,1234.1,47.98694,-81.84751,1337.8,3,154,31,74,0x01,7,0,3,0,-94,-103,1435.34,105.748,1439.081,90.564,99%,4.076,3.706,5237,438,0,432,4793,,0.00000,0.00000,0.0,0,0.0,-50,-2.0
ElBlastoTr2,2025-08-22,12:31:17.183,47.99017,-81.85088,1234.1,47.98697,-81.84732,1363.4,0,170,46,74,0x01,5,0,3,0,-93,-102,1455.54,131.319,1461.274,103.045,99%,4.076,3.703,5238,439,0,433,4794,,0.00000,0.00000,0.0,0,0.0,-50,-2.0
ElBlastoTr2,2025-08-22,12:31:18.173,47.99017,-81.85088,1234.1,47.98697,-81.84732,1363.4,0,170,46,74,0x01,5,0,2,1,-106,-100,1455.54,131.319,1461.274,23.069,99%,4.076,3.705,5239,440,0,434,4795,,0.00000,0.00000,0.0,0,0.0,-50,-2.0
ElBlastoTr2,2025-08-22,12:31:19.194,47.99017,-81.85088,1234.1,47.98682,-81.84686,2556.5,0,47,596,141,0x01,5,0,3,0,-99,-109,1568.20,1324.367,2051.290,55.642,99%,4.086,3.703,5240,441,0,435,4796,,0.00000,0.00000,0.0,0,0.0,-50,-2.0
ElBlastoTr2,2025-08-22,12:31:20.183,47.99017,-81.85088,1234.1,47.98682,-81.84686,2556.5,0,47,596,141,0x01,5,0,2,1,-99,-106,1568.20,1324.367,2051.290,55.642,99%,4.086,3.706,5241,442,0,436,4797,,0.00000,0.00000,0.0,0,0.0,-50,-2.0
ElBlastoTr2,2025-08-22,12:31:21.174,47.99017,-81.85088,1234.1,47.98682,-81.84686,2556.5,0,47,596,141,0x01,5,0,3,0,-107,-104,1568.20,1324.367,2051.290,22.151,99%,4.079,3.703,5242,443,0,437,4798,,0.00000,0.00000,0.0,0,0.0,-50,-2.0
ElBlastoTr2,2025-08-22,12:31:22.195,47.99017,-81.85088,1234.1,47.98682,-81.84686,2556.5,0,47,596,141,0x01,5,0,3,0,-115,-113,1568.20,1324.367,2051.290,8.819,99%,4.079,3.705,5243,444,0,438,4799,,0.00000,0.00000,0.0,0,0.0,-50,-2.0
ElBlastoTr2,2025-08-22,12:31:23.183,47.99017,-81.85088,1234.1,47.98682,-81.84686,2556.5,0,47,596,141,0x01,5,1,2,0,-115,-116,1568.20,1324.367,2051.290,8.819,99%,4.083,3.703,5244,445,0,439,4800,,0.00000,0.00000,0.0,0,0.0,-50,-2.0
ElBlastoTr2,2025-08-22,12:31:25.225,47.99017,-81.85088,1234.1,47.98423,-81.85212,10247.3,0,256,1092,-127,0x01,0,0,0,1,-115,-114,2188.55,9015.174,9275.031,12.307,93%,4.074,3.703,5246,447,0,440,4802,,0.00000,0.00000,0.0,0,0.0,-50,-2.0
ElBlastoTr2,2025-08-22,12:31:27.173,47.99017,-81.85088,1234.1,47.98077,-81.86114,18373.9,3,222,851,-128,0x01,14,0,7,5,-107,-114,4249.10,17141.805,17658.598,60.020,87%,4.086,3.703,5248,449,0,441,4804,,0.00000,0.00000,0.0,0,0.0,-50,-2.0
ElBlastoTr2,2025-08-22,12:31:28.195,47.99017,-81.85088,1234.1,47.98039,-81.86188,19273.0,3,226,783,-130,0x01,15,0,11,2,-111,-126,4469.54,18040.883,18584.303,39.835,84%,4.086,3.705,5249,450,0,442,4804,,0.00000,0.00000,0.0,0,0.0,-50,-2.0
ElBlastoTr2,2025-08-22,12:31:29.184,47.99017,-81.85088,1234.1,47.98006,-81.86256,19977.3,3,213,731,-129,0x01,18,0,11,4,-104,-115,4667.40,18745.227,19315.572,93.127,84%,4.080,3.702,5250,451,0,443,4805,,0.00000,0.00000,0.0,0,0.0,-50,-2.0
ElBlastoTr2,2025-08-22,12:31:30.204,47.99017,-81.85088,1234.1,47.97970,-81.86321,20691.3,3,202,681,-130,0x01,21,0,11,8,-101,-109,4868.68,19459.197,20057.036,137.218,84%,4.080,3.706,5251,452,0,444,4806,,0.00000,0.00000,0.0,0,0.0,-50,-2.0
ElBlastoTr2,2025-08-22,12:31:31.224,47.99017,-81.85088,1234.1,47.97934,-81.86378,21349.9,3,194,637,-129,0x01,24,0,10,12,-101,-114,5057.59,20117.852,20741.860,142.542,84%,4.078,3.703,5252,453,0,445,4807,,0.00000,0.00000,0.0,0,0.0,-50,-2.0
ElBlastoTr2,2025-08-22,12:31:32.183,47.99017,-81.85088,1234.1,47.97901,-81.86440,21959.5,3,192,592,-130,0x01,26,0,10,14,-101,-114,5246.46,20727.369,21379.061,147.865,84%,4.078,3.705,5253,454,0,446,4808,,0.00000,0.00000,0.0,0,0.0,-50,-2.0
ElBlastoTr2,2025-08-22,12:31:33.202,47.99017,-81.85088,1234.1,47.97868,-81.86500,22524.0,3,191,546,-130,0x01,24,0,14,7,-108,-113,5433.09,21291.959,21972.227,68.399,84%,4.080,3.703,5254,455,0,447,4809,,0.00000,0.00000,0.0,0,0.0,-50,-2.0
ElBlastoTr2,2025-08-22,12:31:34.194,47.99017,-81.85088,1234.1,47.97832,-81.86559,23047.1,3,192,501,-130,0x01,26,0,14,9,-110,-116,5625.48,21815.024,22526.695,56.255,84%,4.080,3.705,5255,456,0,448,4810,,0.00000,0.00000,0.0,0,0.0,-50,-2.0
ElBlastoTr2,2025-08-22,12:31:35.184,47.99017,-81.85088,1234.1,47.97799,-81.86616,23530.1,3,186,464,-132,0x01,25,0,13,10,-106,-109,5808.27,22298.010,23040.094,92.055,84%,4.080,3.701,5256,457,0,449,4811,,0.00000,0.00000,0.0,0,0.0,-50,-2.0
ElBlastoTr2,2025-08-22,12:31:36.232,47.99017,-81.85088,1234.1,47.97765,-81.86671,23973.4,3,181,426,-132,0x01,26,0,13,11,-105,-106,5989.65,22741.301,23514.880,106.513,84%,4.080,3.705,5257,458,0,450,4812,,0.00000,0.00000,0.0,0,0.0,-50,-2.0
ElBlastoTr2,2025-08-22,12:31:37.223,47.99017,-81.85088,1234.1,47.97732,-81.86726,24379.6,3,181,387,-133,0x01,26,0,12,11,-111,-108,6169.39,23147.479,23953.544,54.985,84%,4.080,3.702,5258,459,0,451,4813,,0.00000,0.00000,0.0,0,0.0,-50,-2.0
ElBlastoTr2,2025-08-22,12:31:38.184,47.99017,-81.85088,1234.1,47.97701,-81.86781,24748.4,3,179,349,-131,0x01,24,0,16,6,-108,-112,6340.34,23516.287,24354.041,79.820,84%,4.081,3.703,5259,460,0,452,4814,,0.00000,0.00000,0.0,0,0.0,-50,-2.0
ElBlastoTr2,2025-08-22,12:31:39.204,47.99017,-81.85088,1234.1,47.97668,-81.86834,25079.9,3,174,313,-131,0x01,25,1,15,8,-116,-112,6517.28,23847.783,24720.315,32.664,84%,4.081,3.703,5260,461,0,453,4815,,0.00000,0.00000,0.0,0,0.0,-50,-2.0
ElBlastoTr2,2025-08-22,12:31:40.194,47.99017,-81.85088,1234.1,47.97637,-81.86887,25374.4,3,171,280,-133,0x01,24,0,11,11,-111,-118,6686.37,24142.324,25049.162,59.592,84%,4.083,3.703,5261,462,0,454,4816,,0.00000,0.00000,0.0,0,0.0,-50,-2.0
ElBlastoTr2,2025-08-22,12:31:41.187,47.99017,-81.85088,1234.1,47.97604,-81.86938,25636.2,3,169,246,-131,0x01,24,1,14,8,-114,-117,6861.13,24404.158,25348.334,43.291,85%,4.083,3.702,5262,463,0,455,4817,,0.00000,0.00000,0.0,0,0.0,-50,-2.0
ElBlastoTr2,2025-08-22,12:31:43.193,47.99017,-81.85088,1234.1,47.97543,-81.87040,26055.4,3,166,179,-133,0x01,25,0,10,14,-117,-127,7193.87,24823.266,25842.691,32.134,79%,4.081,3.702,5264,465,0,456,4819,,0.00000,0.00000,0.0,0,0.0,-50,-2.0
ElBlastoTr2,2025-08-22,12:31:44.184,47.99017,-81.85088,1234.1,47.97512,-81.87090,26214.6,3,166,143,-133,0x01,25,0,11,13,-121,-127,7358.81,24982.537,26041.830,20.740,79%,4.081,3.702,5265,466,0,457,4820,,0.00000,0.00000,0.0,0,0.0,-50,-2.0
ElBlastoTr2,2025-08-22,12:31:46.194,47.99017,-81.85088,1234.1,47.97450,-81.87188,26435.1,3,163,78,-133,0x01,25,0,11,12,-118,-125,7686.25,25202.977,26347.015,30.599,73%,4.070,3.682,5267,468,0,458,4821,,0.00000,0.00000,0.0,0,0.0,-50,-2.0
ElBlastoTr2,2025-08-22,12:31:47.185,47.99017,-81.85088,1234.1,47.97419,-81.87236,26495.6,3,162,45,-133,0x01,25,0,10,12,-117,-125,7848.83,25263.535,26452.729,35.059,73%,4.083,3.703,5268,469,0,459,4822,,0.00000,0.00000,0.0,0,0.0,-50,-2.0
ElBlastoTr2,2025-08-22,12:31:49.253,47.99017,-81.85088,1234.1,47.97361,-81.87333,26520.6,3,163,-18,-133,0x01,26,1,15,8,-117,-126,8166.57,25288.547,26572.542,36.479,69%,4.079,3.703,5270,470,0,460,4823,,0.00000,0.00000,0.0,0,0.0,-50,-2.0
ElBlastoTr2,2025-08-22,12:31:52.194,47.99017,-81.85088,1234.1,47.97297,-81.87384,26387.7,3,46,-60,165,0x01,26,0,18,4,-119,-124,8423.95,25155.651,26526.717,29.889,66%,4.083,3.679,5273,472,0,461,4825,,0.00000,0.00000,0.0,0,0.0,-50,-2.0
ElBlastoTr2,2025-08-22,12:31:53.185,47.99017,-81.85088,1234.1,47.97286,-81.87373,26324.6,3,47,-70,138,0x01,26,3,20,0,-121,-124,8435.16,25092.461,26470.376,23.774,68%,4.079,3.705,5274,473,0,462,4826,,0.00000,0.00000,0.0,0,0.0,-50,-2.0
ElBlastoTr2,2025-08-22,12:32:01.193,47.99017,-81.85088,1234.1,47.97225,-81.87202,25743.0,3,57,-73,113,0x01,26,1,15,7,-117,-124,8339.35,24510.955,25888.825,37.250,44%,4.079,3.703,5282,474,0,463,4826,,0.00000,0.00000,0.0,0,0.0,-50,-2.0
ElBlastoTr2,2025-08-22,12:32:09.204,47.99017,-81.85088,1234.1,47.97176,-81.87045,25170.4,3,52,-74,113,0x01,27,1,17,5,-117,-120,8250.13,23938.270,25318.122,36.852,24%,4.084,3.703,5290,475,0,464,4827,,0.00000,0.00000,0.0,0,0.0,-50,-2.0
ElBlastoTr2,2025-08-22,12:32:15.203,47.99017,-81.85088,1234.1,47.97138,-81.86929,24733.3,3,52,-69,112,0x01,27,0,21,2,-116,-127,8205.59,23501.231,24890.626,41.125,18%,4.080,3.703,5296,477,0,465,4829,,0.00000,0.00000,0.0,0,0.0,-50,-2.0
ElBlastoTr2,2025-08-22,12:32:16.222,47.99017,-81.85088,1234.1,47.97133,-81.86909,24661.8,3,52,-70,109,0x01,27,3,15,6,-117,-122,8195.52,23429.680,24819.761,36.608,21%,4.080,3.704,5297,478,0,466,4830,,0.00000,0.00000,0.0,0,0.0,-50,-2.0
ElBlastoTr2,2025-08-22,12:32:17.184,47.99017,-81.85088,1234.1,47.97128,-81.86889,24589.7,3,53,-71,114,0x01,27,1,18,3,-116,-128,8184.27,23357.625,24748.036,41.019,21%,4.080,3.703,5298,479,0,467,4830,,0.00000,0.00000,0.0,0,0.0,-50,-2.0
ElBlastoTr2,2025-08-22,12:32:18.202,47.99017,-81.85088,1234.1,47.97123,-81.86870,24516.5,3,53,-73,118,0x01,26,2,18,2,-115,-116,8174.61,23284.440,24675.779,45.969,22%,4.069,3.704,5299,480,0,468,4831,,0.00000,0.00000,0.0,0,0.0,-50,-2.0
ElBlastoTr2,2025-08-22,12:32:19.222,47.99017,-81.85088,1234.1,47.97118,-81.86852,24444.0,3,49,-70,113,0x01,27,2,17,5,-116,-122,8166.45,23211.957,24604.691,40.929,24%,4.069,3.702,5300,481,0,469,4832,,0.00000,0.00000,0.0,0,0.0,-50,-2.0
ElBlastoTr2,2025-08-22,12:32:20.184,47.99017,-81.85088,1234.1,47.97112,-81.86832,24373.0,3,49,-69,109,0x01,27,3,15,5,-116,-119,8158.41,23140.901,24534.999,40.889,26%,4.085,3.702,5301,482,0,470,4833,,0.00000,0.00000,0.0,0,0.0,-50,-2.0
ElBlastoTr2,2025-08-22,12:32:21.203,47.99017,-81.85088,1234.1,47.97105,-81.86813,24301.7,3,50,-70,115,0x01,27,1,16,7,-119,-118,8158.02,23069.623,24467.657,28.946,28%,4.085,3.703,5302,483,0,471,4834,,0.00000,0.00000,0.0,0,0.0,-50,-2.0
ElBlastoTr2,2025-08-22,12:32:23.186,47.99017,-81.85088,1234.1,47.97094,-81.86779,24161.3,3,46,-69,115,0x01,27,0,15,8,-115,-124,8147.08,22929.194,24331.643,45.814,26%,4.079,3.703,5304,484,0,472,4835,,0.00000,0.00000,0.0,0,0.0,-50,-2.0
ElBlastoTr2,2025-08-22,12:32:24.203,47.99017,-81.85088,1234.1,47.97087,-81.86761,24089.7,3,49,-71,116,0x01,27,2,17,4,-120,-127,8148.96,22857.570,24264.798,25.769,28%,4.077,3.706,5305,485,0,473,4836,,0.00000,0.00000,0.0,0,0.0,-50,-2.0
ElBlastoTr2,2025-08-22,12:32:26.185,47.99017,-81.85088,1234.1,47.97074,-81.86727,23948.7,3,44,-73,123,0x01,27,0,17,7,-116,-126,8148.16,22716.586,24131.778,40.838,26%,4.089,3.702,5307,486,0,474,4837,,0.00000,0.00000,0.0,0,0.0,-50,-2.0
ElBlastoTr2,2025-08-22,12:32:27.202,47.99017,-81.85088,1234.1,47.97069,-81.86710,23880.3,3,46,-69,116,0x01,27,1,16,7,-120,-124,8144.94,22648.184,24066.314,25.757,28%,4.089,3.703,5308,487,0,475,4838,,0.00000,0.00000,0.0,0,0.0,-50,-2.0
ElBlastoTr2,2025-08-22,12:32:28.194,47.99017,-81.85088,1234.1,47.97064,-81.86694,23810.9,3,48,-68,120,0x01,27,2,17,4,-121,-124,8141.15,22578.801,23999.753,22.945,27%,4.085,3.702,5309,488,0,476,4838,,0.00000,0.00000,0.0,0,0.0,-50,-2.0
ElBlastoTr2,2025-08-22,12:32:29.184,47.99017,-81.85088,1234.1,47.97056,-81.86678,23740.2,3,45,-72,122,0x01,26,1,15,6,-109,-124,8146.62,22508.063,23935.082,91.407,29%,4.085,3.702,5310,489,0,477,4839,,0.00000,0.00000,0.0,0,0.0,-50,-2.0
ElBlastoTr2,2025-08-22,12:32:30.204,47.99017,-81.85088,1234.1,47.97051,-81.86662,23670.2,3,43,-71,114,0x01,27,0,21,3,-116,-112,8145.38,22438.108,23868.892,40.824,31%,4.085,3.705,5311,490,0,478,4840,,0.00000,0.00000,0.0,0,0.0,-50,-2.0
ElBlastoTr2,2025-08-22,12:32:31.193,47.99017,-81.85088,1234.1,47.97046,-81.86645,23601.4,3,51,-68,118,0x01,27,0,20,4,-121,-126,8142.05,22369.309,23803.094,22.947,33%,4.085,3.702,5312,491,0,479,4841,,0.00000,0.00000,0.0,0,0.0,-50,-2.0
ElBlastoTr2,2025-08-22,12:32:32.183,47.99017,-81.85088,1234.1,47.97038,-81.86628,23531.1,3,48,-72,123,0x01,27,2,15,7,-115,-126,8147.87,22299.053,23739.087,45.819,33%,4.085,3.703,5313,492,0,480,4841,,0.00000,0.00000,0.0,0,0.0,-50,-2.0
ElBlastoTr2,2025-08-22,12:32:33.201,47.99017,-81.85088,1234.1,47.97030,-81.86613,23461.0,3,44,-67,119,0x01,25,3,15,3,-116,-122,8155.27,22228.918,23675.772,40.873,36%,4.074,3.702,5314,493,0,481,4842,,0.00000,0.00000,0.0,0,0.0,-50,-2.0
ElBlastoTr2,2025-08-22,12:32:34.193,47.99017,-81.85088,1234.1,47.97025,-81.86596,23392.3,3,48,-67,117,0x01,26,0,19,4,-115,-115,8153.50,22160.240,23610.697,45.850,38%,4.074,3.705,5315,494,0,482,4843,,0.00000,0.00000,0.0,0,0.0,-50,-2.0
ElBlastoTr2,2025-08-22,12:32:35.184,47.99017,-81.85088,1234.1,47.97018,-81.86578,23323.4,3,47,-69,123,0x01,26,1,18,3,-117,-114,8159.23,22091.313,23548.008,36.446,41%,4.080,3.702,5316,495,0,483,4844,,0.00000,0.00000,0.0,0,0.0,-50,-2.0
ElBlastoTr2,2025-08-22,12:32:36.172,47.99017,-81.85088,1234.1,47.97012,-81.86562,23255.2,3,43,-66,123,0x01,26,1,15,7,-113,-120,8158.57,22023.151,23483.850,57.758,44%,4.080,3.702,5317,496,0,484,4845,,0.00000,0.00000,0.0,0,0.0,-50,-2.0
ElBlastoTr2,2025-08-22,12:32:37.193,47.99017,-81.85088,1234.1,47.97005,-81.86546,23186.6,3,47,-70,118,0x01,26,2,13,8,-108,-118,8166.52,21954.545,23422.299,102.810,46%,4.084,3.701,5318,497,0,485,4846,,0.00000,0.00000,0.0,0,0.0,-50,-2.0
ElBlastoTr2,2025-08-22,12:32:38.184,47.99017,-81.85088,1234.1,47.96997,-81.86529,23118.5,3,49,-68,118,0x01,26,2,16,6,-119,-117,8173.39,21886.414,23360.860,29.000,49%,4.084,3.705,5319,498,0,486,4847,,0.00000,0.00000,0.0,0,0.0,-50,-2.0
ElBlastoTr2,2025-08-22,12:32:39.202,47.99017,-81.85088,1234.1,47.96992,-81.86512,23051.3,3,48,-69,124,0x01,26,3,19,1,-120,-124,8173.01,21819.227,23297.798,25.845,52%,4.086,3.702,5320,499,0,487,4848,,0.00000,0.00000,0.0,0,0.0,-50,-2.0
ElBlastoTr2,2025-08-22,12:32:46.193,47.99017,-81.85088,1234.1,47.96931,-81.86402,22564.9,3,54,-69,132,0x01,26,1,17,6,-109,-126,8268.00,21332.797,22877.079,92.769,41%,4.073,3.703,5327,501,0,488,4850,,0.00000,0.00000,0.0,0,0.0,-50,-2.0
ElBlastoTr2,2025-08-22,12:32:49.222,47.99017,-81.85088,1234.1,47.96900,-81.86356,22355.6,3,54,-72,131,0x01,26,1,17,5,-115,-127,8328.61,21123.485,22704.203,46.835,39%,4.078,3.700,5330,503,0,489,4852,,0.00000,0.00000,0.0,0,0.0,-50,-2.0
ElBlastoTr2,2025-08-22,12:32:52.194,47.99017,-81.85088,1234.1,47.96872,-81.86309,22151.8,3,53,-67,136,0x01,25,0,20,3,-116,-116,8383.32,20919.690,22535.034,42.016,37%,4.076,3.702,5333,505,0,490,4853,,0.00000,0.00000,0.0,0,0.0,-50,-2.0
ElBlastoTr2,2025-08-22,12:32:53.186,47.99017,-81.85088,1234.1,47.96861,-81.86295,22083.8,3,49,-67,136,0x01,26,2,20,3,-120,-122,8405.91,20851.690,22480.368,26.582,40%,4.076,3.702,5334,506,0,491,4854,,0.00000,0.00000,0.0,0,0.0,-50,-2.0
ElBlastoTr2,2025-08-22,12:32:55.192,47.99017,-81.85088,1234.1,47.96838,-81.86266,21948.0,3,51,-69,137,0x01,25,1,16,5,-115,-122,8460.27,20715.891,22374.972,47.576,36%,4.080,3.702,5336,507,0,492,4854,,0.00000,0.00000,0.0,0,0.0,-50,-2.0
ElBlastoTr2,2025-08-22,12:32:56.183,47.99017,-81.85088,1234.1,47.96828,-81.86252,21880.0,3,47,-66,134,0x01,26,1,16,7,-107,-128,8483.79,20647.881,22320.958,119.837,37%,4.083,3.705,5337,508,0,493,4855,,0.00000,0.00000,0.0,0,0.0,-50,-2.0
ElBlastoTr2,2025-08-22,12:32:57.203,47.99017,-81.85088,1234.1,47.96820,-81.86237,21814.4,3,54,-64,139,0x01,26,2,17,5,-110,-111,8498.73,20582.307,22266.014,84.987,40%,4.083,3.702,5338,509,0,494,4856,,0.00000,0.00000,0.0,0,0.0,-50,-2.0
ElBlastoTr2,2025-08-22,12:32:58.194,47.99017,-81.85088,1234.1,47.96808,-81.86224,21747.1,3,56,-67,141,0x01,26,1,18,5,-105,-114,8531.39,20515.008,22216.347,151.712,41%,4.082,3.704,5339,510,0,495,4857,,0.00000,0.00000,0.0,0,0.0,-50,-2.0
ElBlastoTr2,2025-08-22,12:32:59.212,47.99017,-81.85088,1234.1,47.96798,-81.86209,21678.4,3,51,-67,134,0x01,26,2,17,5,-103,-108,8555.39,20446.274,22162.152,191.531,42%,4.082,3.702,5340,511,0,496,4858,,0.00000,0.00000,0.0,0,0.0,-50,-2.0
ElBlastoTr2,2025-08-22,12:33:00.201,47.99017,-81.85088,1234.1,47.96787,-81.86194,21610.9,3,49,-68,137,0x01,25,0,18,5,-108,-114,8579.41,20378.801,22109.237,108.008,43%,4.082,3.704,5341,512,0,497,4859,,0.00000,0.00000,0.0,0,0.0,-50,-2.0
ElBlastoTr2,2025-08-22,12:33:01.193,47.99017,-81.85088,1234.1,47.96777,-81.86181,21543.8,3,55,-67,141,0x01,26,1,18,5,-114,-114,8604.94,20311.723,22057.377,54.293,41%,4.082,3.703,5342,513,0,498,4859,,0.00000,0.00000,0.0,0,0.0,-50,-2.0
ElBlastoTr2,2025-08-22,12:33:02.212,47.99017,-81.85088,1234.1,47.96767,-81.86166,21475.1,3,48,-71,132,0x01,26,0,15,8,-112,-127,8629.13,20242.977,22003.572,68.544,42%,4.082,3.702,5343,514,0,499,4860,,0.00000,0.00000,0.0,0,0.0,-50,-2.0
ElBlastoTr2,2025-08-22,12:33:03.232,47.99017,-81.85088,1234.1,47.96756,-81.86152,21405.2,3,48,-68,128,0x01,26,2,18,3,-107,-112,8654.18,20173.108,21949.178,122.243,43%,4.080,3.703,5344,515,0,500,4861,,0.00000,0.00000,0.0,0,0.0,-50,-2.0
ElBlastoTr2,2025-08-22,12:33:04.196,47.99017,-81.85088,1234.1,47.96746,-81.86137,21338.0,3,51,-66,135,0x01,26,2,15,6,-111,-111,8679.71,20105.930,21897.566,77.358,44%,4.080,3.705,5345,516,0,501,4862,,0.00000,0.00000,0.0,0,0.0,-50,-2.0
ElBlastoTr2,2025-08-22,12:33:05.212,47.99017,-81.85088,1234.1,47.96738,-81.86124,21269.6,3,53,-68,139,0x01,26,2,15,6,-108,-115,8696.74,20037.518,21841.552,109.485,47%,4.080,3.703,5346,517,0,502,4863,,0.00000,0.00000,0.0,0,0.0,-50,-2.0
ElBlastoTr2,2025-08-22,12:33:06.202,47.99017,-81.85088,1234.1,47.96728,-81.86110,21200.6,3,51,-67,132,0x01,26,1,16,6,-114,-113,8722.46,19968.514,21788.552,55.035,49%,4.080,3.702,5347,518,0,503,4864,,0.00000,0.00000,0.0,0,0.0,-50,-2.0
ElBlastoTr2,2025-08-22,12:33:07.194,47.99017,-81.85088,1234.1,47.96718,-81.86095,21132.8,3,45,-67,133,0x01,26,1,16,6,-115,-116,8748.38,19900.694,21736.843,49.196,52%,4.080,3.702,5348,519,0,504,4865,,0.00000,0.00000,0.0,0,0.0,-50,-2.0
ElBlastoTr2,2025-08-22,12:33:08.181,47.99017,-81.85088,1234.1,47.96708,-81.86082,21064.7,3,46,-67,138,0x01,26,2,15,6,-110,-116,8775.42,19832.567,21685.422,87.754,51%,4.080,3.705,5349,520,0,505,4865,,0.00000,0.00000,0.0,0,0.0,-50,-2.0
ElBlastoTr2,2025-08-22,12:33:09.202,47.99017,-81.85088,1234.1,47.96698,-81.86069,20996.0,3,49,-68,134,0x01,26,1,18,5,-109,-114,8802.41,19763.869,21633.584,98.765,53%,4.080,3.701,5350,521,0,506,4866,,0.00000,0.00000,0.0,0,0.0,-50,-2.0
ElBlastoTr2,2025-08-22,12:33:10.193,47.99017,-81.85088,1234.1,47.96687,-81.86055,20928.5,3,48,-67,133,0x01,26,2,15,7,-110,-120,8829.30,19696.432,21582.988,88.293,55%,4.065,3.706,5351,522,0,507,4867,,0.00000,0.00000,0.0,0,0.0,-50,-2.0
ElBlastoTr2,2025-08-22,12:33:11.186,47.99017,-81.85088,1234.1,47.96680,-81.86042,20861.7,3,49,-66,138,0x01,26,0,18,6,-106,-122,8847.72,19629.653,21529.630,140.227,57%,4.065,3.701,5352,523,0,508,4868,,0.00000,0.00000,0.0,0,0.0,-50,-2.0
ElBlastoTr2,2025-08-22,12:33:12.245,47.99017,-81.85088,1234.1,47.96667,-81.86030,20795.5,3,51,-65,142,0x01,26,3,16,5,-107,-113,8885.07,19563.403,21484.669,125.505,60%,4.083,3.700,5353,524,0,509,4869,,0.00000,0.00000,0.0,0,0.0,-50,-2.0
ElBlastoTr2,2025-08-22,12:33:13.194,47.99017,-81.85088,1234.1,47.96657,-81.86017,20729.5,3,49,-63,138,0x01,26,1,16,6,-106,-115,8912.89,19497.455,21436.197,141.260,63%,4.083,3.703,5354,525,0,510,4870,,0.00000,0.00000,0.0,0,0.0,-50,-2.0
ElBlastoTr2,2025-08-22,12:33:14.182,47.99017,-81.85088,1234.1,47.96649,-81.86004,20663.5,3,47,-66,140,0x01,26,1,15,7,-111,-113,8932.22,19431.442,21384.244,79.608,65%,4.078,3.703,5355,526,0,511,4871,,0.00000,0.00000,0.0,0,0.0,-50,-2.0
ElBlastoTr2,2025-08-22,12:33:15.203,47.99017,-81.85088,1234.1,47.96636,-81.85992,20597.2,3,48,-67,144,0x01,26,2,17,5,-114,-111,8970.66,19365.061,21340.079,56.601,68%,4.078,3.703,5356,527,0,512,4872,,0.00000,0.00000,0.0,0,0.0,-50,-2.0
ElBlastoTr2,2025-08-22,12:33:16.192,47.99017,-81.85088,1234.1,47.96626,-81.85981,20530.1,3,49,-65,141,0x01,26,1,17,5,-113,-112,8999.69,19297.977,21291.485,63.713,71%,4.084,3.705,5357,528,0,513,4873,,0.00000,0.00000,0.0,0,0.0,-50,-2.0
ElBlastoTr2,2025-08-22,12:33:17.215,47.99017,-81.85088,1234.1,47.96616,-81.85967,20463.6,3,48,-63,140,0x01,26,3,14,6,-106,-116,9028.24,19231.553,21243.422,143.088,73%,4.084,3.702,5358,529,0,514,4874,,0.00000,0.00000,0.0,0,0.0,-50,-2.0
ElBlastoTr2,2025-08-22,12:33:18.203,47.99017,-81.85088,1234.1,47.96605,-81.85955,20397.7,3,47,-65,146,0x01,26,1,16,5,-115,-110,9057.53,19165.637,21196.273,50.934,74%,4.079,3.705,5359,530,0,515,4875,,0.00000,0.00000,0.0,0,0.0,-50,-2.0
ElBlastoTr2,2025-08-22,12:33:19.193,47.99017,-81.85088,1234.1,47.96595,-81.85944,20331.9,3,50,-65,140,0x01,26,1,19,3,-116,-119,9087.35,19099.772,21149.537,45.545,76%,4.079,3.701,5360,531,0,516,4876,,0.00000,0.00000,0.0,0,0.0,-50,-2.0
ElBlastoTr2,2025-08-22,12:33:20.182,47.99017,-81.85088,1234.1,47.96585,-81.85931,20266.6,3,47,-66,137,0x01,26,0,15,9,-115,-117,9116.48,19034.467,21103.156,51.266,78%,4.079,3.702,5361,532,0,517,4877,,0.00000,0.00000,0.0,0,0.0,-50,-2.0
ElBlastoTr2,2025-08-22,12:33:23.183,47.99017,-81.85088,1234.1,47.96552,-81.85895,20068.1,3,54,-70,146,0x01,26,1,15,8,-113,-120,9215.84,18836.037,20967.853,65.243,70%,4.082,3.702,5364,534,0,518,4879,,0.00000,0.00000,0.0,0,0.0,-50,-2.0
ElBlastoTr2,2025-08-22,12:33:24.202,47.99017,-81.85088,1234.1,47.96539,-81.85883,19999.2,3,46,-65,142,0x01,26,3,15,4,-114,-118,9255.16,18767.094,20923.309,58.396,70%,4.082,3.701,5365,535,0,519,4880,,0.00000,0.00000,0.0,0,0.0,-50,-2.0
ElBlastoTr2,2025-08-22,12:33:25.223,47.99017,-81.85088,1234.1,47.96529,-81.85871,19932.1,3,47,-67,144,0x01,26,1,18,4,-117,-121,9286.01,18700.004,20876.864,41.479,70%,4.077,3.703,5366,536,0,520,4881,,0.00000,0.00000,0.0,0,0.0,-50,-2.0
ElBlastoTr2,2025-08-22,12:33:26.183,47.99017,-81.85088,1234.1,47.96518,-81.85859,19863.4,3,53,-70,143,0x01,26,2,15,7,-116,-117,9316.45,18631.279,20828.935,46.693,72%,4.077,3.703,5367,537,0,521,4882,,0.00000,0.00000,0.0,0,0.0,-50,-2.0
ElBlastoTr2,2025-08-22,12:33:28.192,47.99017,-81.85088,1234.1,47.96495,-81.85836,19723.8,3,47,-65,145,0x01,26,0,18,5,-112,-120,9387.71,18491.670,20736.327,74.569,66%,4.080,3.701,5369,538,0,522,4883,,0.00000,0.00000,0.0,0,0.0,-50,-2.0
ElBlastoTr2,2025-08-22,12:33:29.184,47.99017,-81.85088,1234.1,47.96485,-81.85825,19658.2,3,49,-64,144,0x01,26,2,16,5,-107,-116,9419.14,18426.074,20692.149,133.049,66%,4.088,3.700,5370,539,0,523,4884,,0.00000,0.00000,0.0,0,0.0,-50,-2.0
ElBlastoTr2,2025-08-22,12:33:30.232,47.99017,-81.85088,1234.1,47.96472,-81.85813,19594.1,3,50,-64,146,0x01,25,3,16,4,-112,-114,9459.55,18361.988,20653.584,75.140,67%,4.088,3.705,5371,540,0,524,4885,,0.00000,0.00000,0.0,0,0.0,-50,-2.0
ElBlastoTr2,2025-08-22,12:33:31.194,47.99017,-81.85088,1234.1,47.96462,-81.85802,19529.7,3,49,-65,148,0x01,26,0,16,8,-119,-119,9491.32,18297.612,20610.985,33.676,68%,4.080,3.702,5372,541,0,525,4886,,0.00000,0.00000,0.0,0,0.0,-50,-2.0
ElBlastoTr2,2025-08-22,12:33:32.185,47.99017,-81.85088,1234.1,47.96449,-81.85791,19464.8,3,49,-63,144,0x01,26,2,14,8,-111,-120,9532.50,18232.731,20572.465,84.958,69%,4.080,3.705,5373,542,0,526,4887,,0.00000,0.00000,0.0,0,0.0,-50,-2.0
ElBlastoTr2,2025-08-22,12:33:33.204,47.99017,-81.85088,1234.1,47.96439,-81.85780,19401.5,3,47,-64,151,0x01,26,1,16,6,-112,-121,9564.64,18169.381,20531.300,75.975,72%,4.080,3.701,5374,543,0,527,4888,,0.00000,0.00000,0.0,0,0.0,-50,-2.0
ElBlastoTr2,2025-08-22,12:33:37.194,47.99017,-81.85088,1234.1,47.96393,-81.85737,19142.7,3,51,-65,144,0x01,26,2,13,9,-113,-119,9712.21,17910.574,20372.589,68.757,64%,4.089,3.701,5378,545,0,528,4890,,0.00000,0.00000,0.0,0,0.0,-50,-2.0
ElBlastoTr2,2025-08-22,12:33:38.211,47.99017,-81.85088,1234.1,47.96383,-81.85725,19078.2,3,45,-63,144,0x01,26,2,17,3,-117,-117,9744.33,17846.094,20331.304,43.526,65%,4.082,3.702,5379,546,0,529,4891,,0.00000,0.00000,0.0,0,0.0,-50,-2.0
ElBlastoTr2,2025-08-22,12:33:41.181,47.99017,-81.85088,1234.1,47.96349,-81.85691,18883.5,3,50,-66,141,0x01,26,3,15,6,-116,-126,9851.71,17651.399,20212.763,49.376,59%,4.082,3.703,5382,548,0,530,4892,,0.00000,0.00000,0.0,0,0.0,-50,-2.0
ElBlastoTr2,2025-08-22,12:33:42.202,47.99017,-81.85088,1234.1,47.96339,-81.85679,18818.6,3,45,-62,142,0x01,26,2,17,5,-114,-123,9884.25,17586.529,20172.071,62.365,60%,4.086,3.705,5383,549,0,531,4893,,0.00000,0.00000,0.0,0,0.0,-50,-2.0
ElBlastoTr2,2025-08-22,12:33:43.193,47.99017,-81.85088,1234.1,47.96329,-81.85667,18755.4,3,47,-63,144,0x01,26,1,13,9,-113,-116,9917.29,17523.330,20133.257,70.209,60%,4.086,3.703,5384,550,0,532,4894,,0.00000,0.00000,0.0,0,0.0,-50,-2.0
ElBlastoTr2,2025-08-22,12:33:44.183,47.99017,-81.85088,1234.1,47.96319,-81.85656,18692.8,3,48,-62,141,0x01,26,1,17,5,-115,-114,9950.39,17460.742,20095.181,55.955,61%,4.085,3.703,5385,551,0,533,4895,,0.00000,0.00000,0.0,0,0.0,-50,-2.0
ElBlastoTr2,2025-08-22,12:33:45.202,47.99017,-81.85088,1234.1,47.96309,-81.85643,18628.3,3,48,-64,137,0x01,26,1,17,6,-117,-127,9983.13,17396.221,20055.425,44.593,59%,4.085,3.700,5386,552,0,534,4895,,0.00000,0.00000,0.0,0,0.0,-50,-2.0
ElBlastoTr2,2025-08-22,12:33:47.182,47.99017,-81.85088,1234.1,47.96288,-81.85618,18503.0,3,47,-60,139,0x01,26,0,17,6,-118,-121,10049.06,17270.932,19979.939,40.006,57%,4.082,3.700,5388,553,0,535,4896,,0.00000,0.00000,0.0,0,0.0,-50,-2.0
ElBlastoTr2,2025-08-22,12:33:48.202,47.99017,-81.85088,1234.1,47.96280,-81.85606,18440.0,3,45,-65,134,0x01,26,1,15,8,-111,-117,10072.99,17207.891,19937.558,89.776,59%,4.082,3.704,5389,554,0,536,4897,,0.00000,0.00000,0.0,0,0.0,-50,-2.0
ElBlastoTr2,2025-08-22,12:33:51.202,47.99017,-81.85088,1234.1,47.96255,-81.85565,18247.2,3,43,-62,131,0x01,26,2,15,6,-113,-126,10153.92,17015.133,19812.803,71.884,51%,4.084,3.700,5392,557,0,537,4900,,0.00000,0.00000,0.0,0,0.0,-50,-2.0
ElBlastoTr2,2025-08-22,12:33:53.183,47.99017,-81.85088,1234.1,47.96237,-81.85535,18120.6,3,46,-61,127,0x01,26,0,21,3,-117,-120,10210.93,16888.483,19733.594,45.611,49%,4.072,3.700,5394,558,0,538,4901,,0.00000,0.00000,0.0,0,0.0,-50,-2.0
ElBlastoTr2,2025-08-22,12:33:54.205,47.99017,-81.85088,1234.1,47.96229,-81.85520,18057.0,3,45,-64,123,0x01,26,1,16,6,-108,-120,10234.84,16824.897,19691.629,128.849,49%,4.072,3.700,5395,559,0,539,4902,,0.00000,0.00000,0.0,0,0.0,-50,-2.0
ElBlastoTr2,2025-08-22,12:33:55.221,47.99017,-81.85088,1234.1,47.96222,-81.85506,17992.4,3,43,-65,127,0x01,26,1,16,6,-112,-115,10259.23,16760.338,19649.228,81.492,49%,4.084,3.700,5396,560,0,540,4903,,0.00000,0.00000,0.0,0,0.0,-50,-2.0
ElBlastoTr2,2025-08-22,12:33:57.202,47.99017,-81.85088,1234.1,47.96206,-81.85474,17857.6,3,52,-65,127,0x01,26,2,16,5,-112,-120,10307.77,16625.490,19559.882,81.878,43%,4.084,3.700,5398,562,0,541,4905,,0.00000,0.00000,0.0,0,0.0,-50,-2.0
ElBlastoTr2,2025-08-22,12:33:58.193,47.99017,-81.85088,1234.1,47.96198,-81.85459,17792.2,3,46,-65,130,0x01,26,3,15,5,-112,-118,10332.28,16560.063,19517.269,82.072,44%,4.071,3.703,5399,563,0,542,4906,,0.00000,0.00000,0.0,0,0.0,-50,-2.0
ElBlastoTr2,2025-08-22,12:33:59.212,47.99017,-81.85088,1234.1,47.96188,-81.85445,17728.0,3,46,-64,133,0x01,26,1,15,8,-111,-116,10366.62,16495.901,19481.116,92.393,46%,4.071,3.700,5400,564,0,543,4907,,0.00000,0.00000,0.0,0,0.0,-50,-2.0
ElBlastoTr2,2025-08-22,12:34:00.202,47.99017,-81.85088,1234.1,47.96180,-81.85429,17663.4,3,50,-63,130,0x01,25,3,15,5,-114,-114,10391.42,16431.311,19439.711,65.565,48%,4.079,3.702,5401,565,0,544,4908,,0.00000,0.00000,0.0,0,0.0,-50,-2.0
ElBlastoTr2,2025-08-22,12:34:01.222,47.99017,-81.85088,1234.1,47.96170,-81.85413,17600.0,3,50,-63,129,0x01,26,3,14,6,-106,-119,10425.54,16367.867,19404.429,165.234,50%,4.079,3.700,5402,566,0,545,4909,,0.00000,0.00000,0.0,0,0.0,-50,-2.0
ElBlastoTr2,2025-08-22,12:34:02.212,47.99017,-81.85088,1234.1,47.96162,-81.85398,17535.4,3,48,-62,134,0x01,25,2,17,3,-117,-111,10450.78,16303.305,19363.622,46.682,52%,4.082,3.702,5403,567,0,546,4910,,0.00000,0.00000,0.0,0,0.0,-50,-2.0
ElBlastoTr2,2025-08-22,12:34:03.199,47.99017,-81.85088,1234.1,47.96152,-81.85384,17471.2,3,51,-64,133,0x01,26,4,14,6,-107,-115,10485.62,16239.131,19328.504,148.113,52%,4.082,3.700,5404,568,0,547,4911,,0.00000,0.00000,0.0,0,0.0,-50,-2.0
ElBlastoTr2,2025-08-22,12:34:04.192,47.99017,-81.85088,1234.1,47.96142,-81.85368,17408.2,3,52,-64,131,0x01,26,0,19,5,-108,-111,10520.28,16176.100,19294.464,132.443,54%,4.080,3.703,5405,569,0,548,4912,,0.00000,0.00000,0.0,0,0.0,-50,-2.0
ElBlastoTr2,2025-08-22,12:34:05.212,47.99017,-81.85088,1234.1,47.96135,-81.85352,17343.5,3,48,-65,133,0x01,26,2,14,7,-105,-109,10545.89,16111.403,19254.276,187.535,56%,4.080,3.700,5406,570,0,549,4913,,0.00000,0.00000,0.0,0,0.0,-50,-2.0
ElBlastoTr2,2025-08-22,12:34:06.204,47.99017,-81.85088,1234.1,47.96124,-81.85338,17277.9,3,47,-64,135,0x01,26,1,16,6,-108,-108,10581.15,16045.824,19218.830,133.209,58%,4.081,3.703,5407,571,0,550,4914,,0.00000,0.00000,0.0,0,0.0,-50,-2.0
ElBlastoTr2,2025-08-22,12:34:07.192,47.99017,-81.85088,1234.1,47.96114,-81.85323,17214.1,3,51,-65,136,0x01,26,1,18,4,-107,-115,10616.54,15982.035,19185.176,149.963,58%,4.081,3.701,5408,572,0,551,4915,,0.00000,0.00000,0.0,0,0.0,-50,-2.0
ElBlastoTr2,2025-08-22,12:34:08.182,47.99017,-81.85088,1234.1,47.96104,-81.85308,17150.5,3,51,-63,133,0x01,26,1,17,6,-108,-111,10651.95,15918.383,19151.860,134.100,58%,4.070,3.703,5409,573,0,552,4916,,0.00000,0.00000,0.0,0,0.0,-50,-2.0
ElBlastoTr2,2025-08-22,12:34:09.200,47.99017,-81.85088,1234.1,47.96096,-81.85294,17087.7,3,48,-61,135,0x01,27,2,15,5,-116,-111,10678.23,15855.592,19114.377,53.518,58%,4.070,3.700,5410,574,0,553,4917,,0.00000,0.00000,0.0,0,0.0,-50,-2.0
ElBlastoTr2,2025-08-22,12:34:10.191,47.99017,-81.85088,1234.1,47.96086,-81.85280,17025.6,3,50,-60,137,0x01,27,1,19,3,-116,-115,10714.03,15793.475,19082.968,53.697,60%,4.081,3.702,5411,575,0,554,4918,,0.00000,0.00000,0.0,0,0.0,-50,-2.0
ElBlastoTr2,2025-08-22,12:34:11.212,47.99017,-81.85088,1234.1,47.96075,-81.85265,16963.0,3,52,-62,135,0x01,27,0,19,5,-113,-116,10749.87,15730.945,19051.457,76.103,63%,4.081,3.700,5412,576,0,555,4919,,0.00000,0.00000,0.0,0,0.0,-50,-2.0
ElBlastoTr2,2025-08-22,12:34:13.252,47.99017,-81.85088,1234.1,47.96055,-81.85235,16833.6,3,50,-61,135,0x01,27,1,17,5,-103,-118,10821.94,15601.557,18985.758,242.273,61%,4.081,3.700,5414,577,0,556,4920,,0.00000,0.00000,0.0,0,0.0,-50,-2.0
ElBlastoTr2,2025-08-22,12:34:14.184,47.99017,-81.85088,1234.1,47.96045,-81.85221,16770.3,3,55,-62,134,0x01,27,0,18,5,-111,-108,10858.21,15538.246,18954.532,96.774,63%,4.081,3.703,5415,578,0,557,4921,,0.00000,0.00000,0.0,0,0.0,-50,-2.0
ElBlastoTr2,2025-08-22,12:34:15.202,47.99017,-81.85088,1234.1,47.96035,-81.85205,16706.6,3,53,-66,132,0x01,27,1,16,7,-111,-113,10894.52,15474.479,18923.176,97.097,65%,4.082,3.700,5416,579,0,558,4922,,0.00000,0.00000,0.0,0,0.0,-50,-2.0
ElBlastoTr2,2025-08-22,12:34:16.192,47.99017,-81.85088,1234.1,47.96024,-81.85190,16641.1,3,50,-63,132,0x01,27,1,18,5,-106,-112,10930.99,15409.026,18890.776,173.244,67%,4.082,3.703,5417,580,0,559,4923,,0.00000,0.00000,0.0,0,0.0,-50,-2.0
ElBlastoTr2,2025-08-22,12:34:17.212,47.99017,-81.85088,1234.1,47.96017,-81.85175,16578.9,3,53,-62,138,0x01,27,0,20,3,-117,-110,10958.29,15346.805,18855.920,48.949,70%,4.087,3.700,5418,581,0,560,4924,,0.00000,0.00000,0.0,0,0.0,-50,-2.0
ElBlastoTr2,2025-08-22,12:34:18.233,47.99017,-81.85088,1234.1,47.96006,-81.85161,16514.6,3,56,-63,135,0x01,27,2,18,3,-121,-121,10995.04,15282.500,18825.067,30.988,73%,4.087,3.701,5419,582,0,561,4925,,0.00000,0.00000,0.0,0,0.0,-50,-2.0
ElBlastoTr2,2025-08-22,12:34:19.192,47.99017,-81.85088,1234.1,47.95993,-81.85145,16450.1,3,55,-64,134,0x01,27,3,13,8,-116,-121,11041.23,15218.035,18799.865,55.337,70%,4.078,3.699,5420,583,0,562,4925,,0.00000,0.00000,0.0,0,0.0,-50,-2.0
ElBlastoTr2,2025-08-22,12:34:20.183,47.99017,-81.85088,1234.1,47.95984,-81.85130,16387.8,3,52,-59,134,0x01,27,1,18,4,-110,-118,11078.22,15155.742,18771.292,110.782,70%,4.078,3.702,5421,584,0,563,4926,,0.00000,0.00000,0.0,0,0.0,-50,-2.0
ElBlastoTr2,2025-08-22,12:34:21.204,47.99017,-81.85088,1234.1,47.95973,-81.85115,16326.1,3,55,-61,137,0x01,27,1,16,6,-107,-112,11115.34,15093.997,18743.472,157.008,72%,4.078,3.700,5422,585,0,564,4927,,0.00000,0.00000,0.0,0,0.0,-50,-2.0
ElBlastoTr2,2025-08-22,12:34:22.221,47.99017,-81.85088,1234.1,47.95963,-81.85100,16262.0,3,55,-62,134,0x01,27,2,16,6,-114,-111,11152.58,15029.876,18714.047,70.368,74%,4.073,3.703,5423,586,0,565,4928,,0.00000,0.00000,0.0,0,0.0,-50,-2.0
ElBlastoTr2,2025-08-22,12:34:23.183,47.99017,-81.85088,1234.1,47.95953,-81.85084,16198.6,3,53,-63,132,0x01,27,2,18,4,-112,-118,11189.94,14966.484,18685.532,88.885,74%,4.073,3.699,5424,587,0,566,4929,,0.00000,0.00000,0.0,0,0.0,-50,-2.0
ElBlastoTr2,2025-08-22,12:34:24.202,47.99017,-81.85088,1234.1,47.95942,-81.85068,16134.6,3,51,-61,131,0x01,27,2,14,6,-114,-119,11227.44,14902.521,18656.890,70.840,75%,4.076,3.703,5425,588,0,567,4930,,0.00000,0.00000,0.0,0,0.0,-50,-2.0
ElBlastoTr2,2025-08-22,12:34:25.222,47.99017,-81.85088,1234.1,47.95932,-81.85052,16072.9,3,52,-58,132,0x01,26,0,17,5,-117,-118,11265.08,14840.824,18630.387,50.319,76%,4.076,3.700,5426,589,0,568,4931,,0.00000,0.00000,0.0,0,0.0,-50,-2.0
ElBlastoTr2,2025-08-22,12:34:26.182,47.99017,-81.85088,1234.1,47.95924,-81.85035,16009.7,3,54,-65,127,0x01,27,1,18,5,-110,-118,11293.53,14777.593,18597.328,112.935,77%,4.080,3.697,5427,590,0,569,4932,,0.00000,0.00000,0.0,0,0.0,-50,-2.0
ElBlastoTr2,2025-08-22,12:34:28.192,47.99017,-81.85088,1234.1,47.95906,-81.85000,15886.1,3,53,-61,125,0x01,27,1,17,6,-111,-128,11360.25,14654.027,18540.115,101.248,72%,4.078,3.680,5429,592,0,570,4933,,0.00000,0.00000,0.0,0,0.0,-50,-2.0
ElBlastoTr2,2025-08-22,12:34:29.182,47.99017,-81.85088,1234.1,47.95899,-81.84982,15825.5,3,57,-63,121,0x01,26,1,18,4,-113,-120,11389.21,14593.459,18510.091,80.629,73%,4.078,3.698,5430,593,0,571,4934,,0.00000,0.00000,0.0,0,0.0,-50,-2.0
ElBlastoTr2,2025-08-22,12:34:30.232,47.99017,-81.85088,1234.1,47.95891,-81.84964,15762.9,3,54,-62,121,0x01,27,3,16,4,-112,-118,11418.33,14530.820,18478.732,90.699,74%,4.078,3.700,5431,594,0,572,4935,,0.00000,0.00000,0.0,0,0.0,-50,-2.0
ElBlastoTr2,2025-08-22,12:34:31.192,47.99017,-81.85088,1234.1,47.95884,-81.84946,15699.4,3,52,-64,125,0x01,27,2,13,9,-110,-112,11447.64,14467.337,18447.034,114.476,75%,4.078,3.699,5432,595,0,573,4936,,0.00000,0.00000,0.0,0,0.0,-50,-2.0
ElBlastoTr2,2025-08-22,12:34:32.213,47.99017,-81.85088,1234.1,47.95873,-81.84929,15638.2,3,53,-60,125,0x01,27,2,17,2,-114,-109,11486.38,14406.097,18423.180,72.474,75%,4.075,3.702,5433,596,0,574,4937,,0.00000,0.00000,0.0,0,0.0,-50,-2.0
ElBlastoTr2,2025-08-22,12:34:33.201,47.99017,-81.85088,1234.1,47.95866,-81.84910,15577.7,3,54,-57,122,0x01,26,0,17,6,-112,-114,11516.02,14345.647,18394.499,91.475,75%,4.075,3.697,5434,597,0,575,4938,,0.00000,0.00000,0.0,0,0.0,-50,-2.0
ElBlastoTr2,2025-08-22,12:34:34.194,47.99017,-81.85088,1234.1,47.95858,-81.84892,15517.3,3,50,-60,122,0x01,27,2,16,5,-112,-116,11545.81,14285.224,18366.135,91.712,75%,4.075,3.702,5435,598,0,576,4939,,0.00000,0.00000,0.0,0,0.0,-50,-2.0
ElBlastoTr2,2025-08-22,12:34:35.184,47.99017,-81.85088,1234.1,47.95850,-81.84874,15456.3,3,51,-61,124,0x01,28,1,14,10,-111,-117,11575.73,14224.161,18337.558,103.169,76%,4.073,3.699,5436,599,0,577,4940,,0.00000,0.00000,0.0,0,0.0,-50,-2.0
ElBlastoTr2,2025-08-22,12:34:36.203,47.99017,-81.85088,1234.1,47.95843,-81.84856,15395.3,3,50,-61,126,0x01,28,2,15,7,-111,-117,11605.75,14163.167,18309.304,103.436,77%,4.073,3.700,5437,600,0,578,4941,,0.00000,0.00000,0.0,0,0.0,-50,-2.0
ElBlastoTr2,2025-08-22,12:34:37.220,47.99017,-81.85088,1234.1,47.95832,-81.84840,15332.1,3,51,-65,124,0x01,28,2,14,6,-117,-119,11645.13,14099.975,18285.530,52.017,80%,4.080,3.698,5438,601,0,579,4942,,0.00000,0.00000,0.0,0,0.0,-50,-2.0
ElBlastoTr2,2025-08-22,12:34:38.183,47.99017,-81.85088,1234.1,47.95825,-81.84823,15265.2,3,53,-69,123,0x01,28,1,16,7,-113,-118,11675.42,14033.137,18253.406,82.656,82%,4.080,3.701,5439,602,0,580,4943,,0.00000,0.00000,0.0,0,0.0,-50,-2.0
ElBlastoTr2,2025-08-22,12:34:39.201,47.99017,-81.85088,1234.1,47.95817,-81.84805,15198.5,3,53,-64,127,0x01,28,1,18,5,-111,-118,11705.95,13966.375,18221.735,104.329,83%,4.082,3.700,5440,603,0,581,4944,,0.00000,0.00000,0.0,0,0.0,-50,-2.0
ElBlastoTr2,2025-08-22,12:34:40.221,47.99017,-81.85088,1234.1,47.95809,-81.84789,15136.0,3,48,-61,128,0x01,28,1,22,2,-117,-116,11736.36,13903.950,18193.541,52.424,84%,4.082,3.701,5441,604,0,582,4945,,0.00000,0.00000,0.0,0,0.0,-50,-2.0
ElBlastoTr2,2025-08-22,12:34:41.183,47.99017,-81.85088,1234.1,47.95799,-81.84772,15073.7,3,48,-63,125,0x01,28,2,18,4,-116,-120,11776.31,13841.589,18171.805,59.021,85%,4.074,3.698,5442,605,0,583,4946,,0.00000,0.00000,0.0,0,0.0,-50,-2.0
ElBlastoTr2,2025-08-22,12:34:42.203,47.99017,-81.85088,1234.1,47.95791,-81.84754,15007.9,3,53,-65,125,0x01,28,1,19,4,-102,-118,11807.13,13775.765,18141.767,296.582,86%,4.074,3.702,5443,606,0,584,4947,,0.00000,0.00000,0.0,0,0.0,-50,-2.0
ElBlastoTr2,2025-08-22,12:34:43.194,47.99017,-81.85088,1234.1,47.95784,-81.84737,14942.6,3,52,-62,128,0x01,28,2,15,7,-115,-116,11838.10,13710.473,18112.470,66.571,87%,4.083,3.699,5444,607,0,585,4948,,0.00000,0.00000,0.0,0,0.0,-50,-2.0
ElBlastoTr2,2025-08-22,12:34:44.183,47.99017,-81.85088,1234.1,47.95773,-81.84719,14881.9,3,53,-60,124,0x01,28,1,17,7,-109,-116,11878.63,13649.826,18093.192,133.280,86%,4.083,3.700,5445,608,0,586,4948,,0.00000,0.00000,0.0,0,0.0,-50,-2.0
ElBlastoTr2,2025-08-22,12:34:45.203,47.99017,-81.85088,1234.1,47.95768,-81.84702,14823.7,3,49,-57,123,0x01,28,1,17,5,-105,-111,11900.57,13591.563,18063.731,211.625,86%,4.083,3.702,5446,609,0,587,4949,,0.00000,0.00000,0.0,0,0.0,-50,-2.0
ElBlastoTr2,2025-08-22,12:34:46.193,47.99017,-81.85088,1234.1,47.95758,-81.84685,14764.7,3,52,-59,125,0x01,28,3,15,6,-109,-109,11941.24,13532.622,18046.320,133.983,87%,4.081,3.700,5447,610,0,588,4950,,0.00000,0.00000,0.0,0,0.0,-50,-2.0
ElBlastoTr2,2025-08-22,12:34:47.183,47.99017,-81.85088,1234.1,47.95750,-81.84666,14705.8,3,54,-57,125,0x01,27,2,17,5,-107,-110,11972.97,13473.735,18023.270,169.123,88%,4.081,3.697,5448,611,0,589,4951,,0.00000,0.00000,0.0,0,0.0,-50,-2.0
ElBlastoTr2,2025-08-22,12:34:48.203,47.99017,-81.85088,1234.1,47.95743,-81.84648,14646.0,3,50,-56,123,0x01,28,1,17,6,-115,-110,12004.82,13413.954,17999.860,67.508,88%,4.077,3.702,5449,612,0,590,4952,,0.00000,0.00000,0.0,0,0.0,-50,-2.0
ElBlastoTr2,2025-08-22,12:34:49.192,47.99017,-81.85088,1234.1,47.95735,-81.84631,14585.2,3,49,-62,122,0x01,28,1,15,9,-109,-129,12036.62,13353.062,17975.809,135.053,85%,4.077,3.697,5450,613,0,591,4952,,0.00000,0.00000,0.0,0,0.0,-50,-2.0
ElBlastoTr2,2025-08-22,12:34:50.183,47.99017,-81.85088,1234.1,47.95728,-81.84613,14521.1,3,53,-63,122,0x01,28,1,17,6,-117,-112,12068.61,13289.056,17949.817,53.909,85%,4.077,3.701,5451,614,0,592,4953,,0.00000,0.00000,0.0,0,0.0,-50,-2.0
ElBlastoTr2,2025-08-22,12:34:51.201,47.99017,-81.85088,1234.1,47.95720,-81.84594,14460.1,3,55,-57,122,0x01,28,1,19,4,-106,-112,12101.07,13228.059,17926.610,191.789,82%,4.068,3.700,5452,615,0,593,4953,,0.00000,0.00000,0.0,0,0.0,-50,-2.0
ElBlastoTr2,2025-08-22,12:34:52.193,47.99017,-81.85088,1234.1,47.95712,-81.84576,14400.7,3,51,-59,124,0x01,28,1,17,6,-111,-114,12133.63,13168.633,17904.855,108.141,84%,4.068,3.700,5453,616,0,594,4954,,0.00000,0.00000,0.0,0,0.0,-50,-2.0
ElBlastoTr2,2025-08-22,12:34:53.213,47.99017,-81.85088,1234.1,47.95704,-81.84558,14341.8,3,47,-57,116,0x01,28,1,18,6,-111,-113,12165.94,13109.689,17883.524,108.429,86%,4.083,3.698,5454,617,0,595,4955,,0.00000,0.00000,0.0,0,0.0,-50,-2.0
ElBlastoTr2,2025-08-22,12:34:54.201,47.99017,-81.85088,1234.1,47.95699,-81.84539,14285.2,3,56,-55,114,0x01,28,2,16,5,-114,-116,12189.62,13053.062,17858.210,76.911,86%,4.083,3.702,5455,618,0,596,4956,,0.00000,0.00000,0.0,0,0.0,-50,-2.0
ElBlastoTr2,2025-08-22,12:34:55.192,47.99017,-81.85088,1234.1,47.95692,-81.84518,14226.3,3,61,-58,122,0x01,28,2,18,4,-110,-115,12223.44,12994.230,17838.423,122.234,86%,4.079,3.700,5456,619,0,597,4957,,0.00000,0.00000,0.0,0,0.0,-50,-2.0
ElBlastoTr2,2025-08-22,12:34:56.183,47.99017,-81.85088,1234.1,47.95681,-81.84499,14168.1,3,49,-58,124,0x01,28,0,18,7,-121,-116,12265.81,12935.991,17825.180,34.570,86%,4.079,3.701,5457,620,0,598,4958,,0.00000,0.00000,0.0,0,0.0,-50,-2.0
ElBlastoTr2,2025-08-22,12:34:57.202,47.99017,-81.85088,1234.1,47.95676,-81.84483,14109.9,3,49,-56,119,0x01,27,1,15,7,-119,-122,12289.11,12877.816,17799.087,43.603,86%,4.078,3.699,5458,621,0,599,4959,,0.00000,0.00000,0.0,0,0.0,-50,-2.0
ElBlastoTr2,2025-08-22,12:34:58.193,47.99017,-81.85088,1234.1,47.95668,-81.84463,14053.0,3,56,-57,117,0x01,28,0,19,5,-114,-123,12322.83,12820.919,17781.324,77.752,86%,4.078,3.699,5459,622,0,600,4960,,0.00000,0.00000,0.0,0,0.0,-50,-2.0
ElBlastoTr2,2025-08-22,12:35:00.202,47.99017,-81.85088,1234.1,47.95653,-81.84425,13940.2,3,54,-57,124,0x01,28,0,20,4,-110,-120,12390.46,12708.147,17747.352,123.905,80%,4.077,3.679,5461,624,0,601,4962,,0.00000,0.00000,0.0,0,0.0,-50,-2.0
ElBlastoTr2,2025-08-22,12:35:01.192,47.99017,-81.85088,1234.1,47.95646,-81.84406,13880.4,3,54,-62,116,0x01,28,2,18,4,-120,-115,12424.37,12648.278,17728.287,39.289,80%,4.077,3.700,5462,625,0,602,4963,,0.00000,0.00000,0.0,0,0.0,-50,-2.0
ElBlastoTr2,2025-08-22,12:35:02.183,47.99017,-81.85088,1234.1,47.95640,-81.84386,13817.6,3,56,-64,113,0x01,28,3,16,6,-116,-117,12449.62,12585.528,17701.326,62.396,81%,4.069,3.702,5463,626,0,603,4964,,0.00000,0.00000,0.0,0,0.0,-50,-2.0
ElBlastoTr2,2025-08-22,12:35:04.193,47.99017,-81.85088,1234.1,47.95625,-81.84348,13695.7,3,50,-60,126,0x01,28,3,16,5,-117,-115,12518.37,12463.658,17663.557,55.917,76%,4.087,3.701,5465,627,0,604,4965,,0.00000,0.00000,0.0,0,0.0,-50,-2.0
ElBlastoTr2,2025-08-22,12:35:05.184,47.99017,-81.85088,1234.1,47.95617,-81.84330,13635.9,3,49,-60,119,0x01,28,1,20,3,-113,-118,12552.20,12403.810,17645.436,88.863,76%,4.087,3.699,5466,628,0,605,4966,,0.00000,0.00000,0.0,0,0.0,-50,-2.0
ElBlastoTr2,2025-08-22,12:35:06.202,47.99017,-81.85088,1234.1,47.95610,-81.84312,13576.6,3,50,-59,117,0x01,28,0,18,6,-112,-116,12586.64,12344.479,17628.360,99.979,76%,4.076,3.698,5467,629,0,606,4967,,0.00000,0.00000,0.0,0,0.0,-50,-2.0
ElBlastoTr2,2025-08-22,12:35:07.192,47.99017,-81.85088,1234.1,47.95604,-81.84293,13517.8,3,50,-59,120,0x01,28,0,19,5,-109,-116,12611.86,12285.748,17605.348,141.507,76%,4.076,3.699,5468,630,0,607,4968,,0.00000,0.00000,0.0,0,0.0,-50,-2.0
ElBlastoTr2,2025-08-22,12:35:08.212,47.99017,-81.85088,1234.1,47.95597,-81.84276,13457.9,3,47,-60,119,0x01,27,1,17,6,-112,-115,12646.29,12225.851,17588.347,100.453,76%,4.075,3.699,5469,631,0,608,4969,,0.00000,0.00000,0.0,0,0.0,-50,-2.0
ElBlastoTr2,2025-08-22,12:35:09.201,47.99017,-81.85088,1234.1,47.95592,-81.84258,13398.9,3,48,-58,117,0x01,28,1,19,5,-116,-116,12671.72,12166.773,17565.678,63.509,79%,4.075,3.698,5470,632,0,609,4970,,0.00000,0.00000,0.0,0,0.0,-50,-2.0
ElBlastoTr2,2025-08-22,12:35:10.195,47.99017,-81.85088,1234.1,47.95584,-81.84240,13339.1,3,50,-57,118,0x01,28,0,19,5,-115,-116,12706.71,12107.015,17549.661,71.455,76%,4.084,3.701,5471,633,0,610,4970,,0.00000,0.00000,0.0,0,0.0,-50,-2.0
ElBlastoTr2,2025-08-22,12:35:11.182,47.99017,-81.85088,1234.1,47.95576,-81.84222,13279.7,3,50,-59,121,0x01,28,0,19,6,-111,-128,12741.56,12047.589,17534.034,113.559,73%,4.084,3.699,5472,634,0,611,4970,,0.00000,0.00000,0.0,0,0.0,-50,-2.0
ElBlastoTr2,2025-08-22,12:35:12.202,47.99017,-81.85088,1234.1,47.95571,-81.84204,13218.9,3,51,-61,120,0x01,28,2,18,4,-107,-117,12767.16,11986.769,17510.965,180.341,73%,4.084,3.702,5473,635,0,612,4971,,0.00000,0.00000,0.0,0,0.0,-50,-2.0
ElBlastoTr2,2025-08-22,12:35:13.195,47.99017,-81.85088,1234.1,47.95564,-81.84187,13156.6,3,47,-61,122,0x01,28,1,20,3,-117,-109,12802.09,11924.469,17493.930,57.185,73%,4.070,3.696,5474,636,0,613,4972,,0.00000,0.00000,0.0,0,0.0,-50,-2.0
ElBlastoTr2,2025-08-22,12:35:14.182,47.99017,-81.85088,1234.1,47.95556,-81.84168,13090.0,3,47,-60,123,0x01,28,3,15,6,-116,-131,12837.49,11857.901,17474.619,64.340,72%,4.070,3.702,5475,637,0,614,4972,,0.00000,0.00000,0.0,0,0.0,-50,-2.0
ElBlastoTr2,2025-08-22,12:35:15.203,47.99017,-81.85088,1234.1,47.95548,-81.84154,13037.4,3,48,-58,124,0x01,28,3,16,6,-107,-119,12871.55,11805.286,17464.059,181.816,72%,4.075,3.700,5476,638,0,615,4973,,0.00000,0.00000,0.0,0,0.0,-50,-2.0
ElBlastoTr2,2025-08-22,12:35:17.181,47.99017,-81.85088,1234.1,47.95535,-81.84122,12920.0,3,46,-58,127,0x01,29,0,21,4,-120,-114,12931.71,11687.864,17429.497,40.894,69%,4.082,3.698,5478,639,0,616,4974,,0.00000,0.00000,0.0,0,0.0,-50,-2.0
ElBlastoTr2,2025-08-22,12:35:18.202,47.99017,-81.85088,1234.1,47.95525,-81.84105,12860.0,3,48,-61,123,0x01,29,4,14,5,-112,-114,12975.73,11627.921,17422.126,103.070,67%,4.082,3.702,5479,640,0,617,4974,,0.00000,0.00000,0.0,0,0.0,-50,-2.0
ElBlastoTr2,2025-08-22,12:35:19.193,47.99017,-81.85088,1234.1,47.95517,-81.84090,12799.4,3,47,-59,124,0x01,29,1,14,10,-112,-115,13010.52,11567.336,17407.743,103.346,67%,4.081,3.699,5480,641,0,618,4975,,0.00000,0.00000,0.0,0,0.0,-50,-2.0
ElBlastoTr2,2025-08-22,12:35:20.182,47.99017,-81.85088,1234.1,47.95510,-81.84074,12739.7,3,48,-58,127,0x01,29,2,19,3,-114,-112,13045.40,11507.625,17394.277,82.311,67%,4.081,3.697,5481,642,0,619,4976,,0.00000,0.00000,0.0,0,0.0,-50,-2.0
ElBlastoTr2,2025-08-22,12:35:21.231,47.99017,-81.85088,1234.1,47.95502,-81.84058,12679.6,3,48,-60,126,0x01,29,0,21,4,-114,-120,13080.20,11447.468,17380.719,82.531,67%,4.075,3.698,5482,643,0,620,4977,,0.00000,0.00000,0.0,0,0.0,-50,-2.0
ElBlastoTr2,2025-08-22,12:35:23.182,47.99017,-81.85088,1234.1,47.95487,-81.84026,12559.0,3,46,-60,125,0x01,29,3,17,4,-112,-115,13150.17,11326.940,17354.546,104.456,61%,4.075,3.698,5484,645,0,621,4978,,0.00000,0.00000,0.0,0,0.0,-50,-2.0
ElBlastoTr2,2025-08-22,12:35:24.204,47.99017,-81.85088,1234.1,47.95479,-81.84010,12499.8,3,49,-58,125,0x01,29,1,19,5,-111,-110,13185.38,11267.740,17342.728,117.515,63%,4.065,3.701,5485,646,0,622,4979,,0.00000,0.00000,0.0,0,0.0,-50,-2.0
ElBlastoTr2,2025-08-22,12:35:25.194,47.99017,-81.85088,1234.1,47.95471,-81.83994,12441.0,3,49,-59,124,0x01,29,3,15,6,-115,-112,13221.12,11208.862,17331.783,74.348,65%,4.065,3.697,5486,647,0,623,4980,,0.00000,0.00000,0.0,0,0.0,-50,-2.0
ElBlastoTr2,2025-08-22,12:35:26.183,47.99017,-81.85088,1234.1,47.95464,-81.83977,12383.5,3,46,-57,122,0x01,29,2,17,6,-110,-114,13256.98,11151.368,17322.092,132.570,65%,4.082,3.698,5487,648,0,624,4981,,0.00000,0.00000,0.0,0,0.0,-50,-2.0
ElBlastoTr2,2025-08-22,12:35:27.203,47.99017,-81.85088,1234.1,47.95459,-81.83961,12325.7,3,45,-57,123,0x01,29,0,18,7,-111,-111,13283.40,11093.653,17305.268,118.388,65%,4.082,3.697,5488,649,0,625,4982,,0.00000,0.00000,0.0,0,0.0,-50,-2.0
ElBlastoTr2,2025-08-22,12:35:28.191,47.99017,-81.85088,1234.1,47.95451,-81.83944,12266.7,3,50,-59,122,0x01,29,2,16,6,-121,-114,13319.32,11034.604,17295.134,37.539,67%,4.076,3.702,5489,650,0,626,4983,,0.00000,0.00000,0.0,0,0.0,-50,-2.0
ElBlastoTr2,2025-08-22,12:35:29.183,47.99017,-81.85088,1234.1,47.95443,-81.83927,12203.8,3,49,-62,117,0x01,28,1,16,7,-108,-126,13355.54,10971.759,17283.085,168.136,69%,4.076,3.699,5490,651,0,627,4984,,0.00000,0.00000,0.0,0,0.0,-50,-2.0
ElBlastoTr2,2025-08-22,12:35:32.183,47.99017,-81.85088,1234.1,47.95425,-81.83878,12030.3,3,48,-57,119,0x01,29,0,20,5,-114,-116,13445.54,10798.219,17243.544,84.836,60%,4.080,3.697,5493,652,0,628,4985,,0.00000,0.00000,0.0,0,0.0,-50,-2.0
ElBlastoTr2,2025-08-22,12:35:33.203,47.99017,-81.85088,1234.1,47.95418,-81.83861,11973.5,3,45,-55,119,0x01,29,1,17,4,-109,-120,13482.00,10741.460,17236.572,151.271,60%,4.080,3.696,5494,653,0,629,4986,,0.00000,0.00000,0.0,0,0.0,-50,-2.0
ElBlastoTr2,2025-08-22,12:35:34.192,47.99017,-81.85088,1234.1,47.95412,-81.83845,11917.6,3,43,-56,118,0x01,29,1,16,7,-106,-114,13508.95,10685.499,17222.887,214.102,61%,4.080,3.695,5495,654,0,630,4987,,0.00000,0.00000,0.0,0,0.0,-50,-2.0
ElBlastoTr2,2025-08-22,12:35:35.183,47.99017,-81.85088,1234.1,47.95405,-81.83827,11855.9,3,45,-58,114,0x01,29,2,18,5,-109,-109,13546.33,10623.796,17214.077,151.992,63%,4.075,3.697,5496,655,0,631,4988,,0.00000,0.00000,0.0,0,0.0,-50,-2.0
ElBlastoTr2,2025-08-22,12:35:36.201,47.99017,-81.85088,1234.1,47.95400,-81.83812,11804.8,3,43,-57,119,0x01,29,1,21,3,-112,-112,13572.95,10572.710,17203.598,107.814,65%,4.075,3.697,5497,656,0,632,4989,,0.00000,0.00000,0.0,0,0.0,-50,-2.0
ElBlastoTr2,2025-08-22,12:35:37.197,47.99017,-81.85088,1234.1,47.95395,-81.83795,11746.5,3,44,-59,119,0x01,29,1,17,7,-112,-114,13600.36,10514.420,17189.527,108.032,65%,4.082,3.697,5498,657,0,633,4990,,0.00000,0.00000,0.0,0,0.0,-50,-2.0
ElBlastoTr2,2025-08-22,12:35:39.201,47.99017,-81.85088,1234.1,47.95382,-81.83762,11632.4,3,47,-56,118,0x01,27,0,19,3,-111,-119,13665.20,10400.316,17171.537,121.791,62%,4.080,3.697,5500,659,0,634,4992,,0.00000,0.00000,0.0,0,0.0,-50,-2.0
ElBlastoTr2,2025-08-22,12:35:41.211,47.99017,-81.85088,1234.1,47.95372,-81.83729,11516.6,3,44,-55,116,0x01,29,1,18,4,-110,-114,13720.67,10284.466,17145.988,137.207,59%,4.077,3.697,5502,660,0,635,4993,,0.00000,0.00000,0.0,0,0.0,-50,-2.0
ElBlastoTr2,2025-08-22,12:35:42.200,47.99017,-81.85088,1234.1,47.95366,-81.83713,11460.1,3,46,-55,115,0x01,29,0,19,5,-110,-114,13748.71,10228.019,17134.687,137.487,61%,4.077,3.701,5503,661,0,636,4994,,0.00000,0.00000,0.0,0,0.0,-50,-2.0
ElBlastoTr2,2025-08-22,12:35:43.192,47.99017,-81.85088,1234.1,47.95361,-81.83695,11404.4,3,45,-57,116,0x01,29,1,17,6,-105,-114,13777.17,10172.297,17124.381,244.997,63%,4.076,3.697,5504,662,0,637,4995,,0.00000,0.00000,0.0,0,0.0,-50,-2.0
ElBlastoTr2,2025-08-22,12:35:44.183,47.99017,-81.85088,1234.1,47.95354,-81.83678,11348.8,3,42,-56,118,0x01,29,1,17,7,-106,-111,13814.31,10116.664,17121.346,218.942,63%,4.076,3.700,5505,663,0,638,4996,,0.00000,0.00000,0.0,0,0.0,-50,-2.0
ElBlastoTr2,2025-08-22,12:35:45.202,47.99017,-81.85088,1234.1,47.95348,-81.83662,11292.5,3,42,-56,115,0x01,29,0,16,9,-111,-112,13842.33,10060.398,17110.828,123.370,63%,4.076,3.700,5506,664,0,639,4997,,0.00000,0.00000,0.0,0,0.0,-50,-2.0
ElBlastoTr2,2025-08-22,12:35:46.193,47.99017,-81.85088,1234.1,47.95343,-81.83646,11235.4,3,44,-57,114,0x01,29,1,16,7,-111,-112,13870.88,10003.262,17100.456,123.624,60%,4.083,3.700,5507,665,0,640,4997,,0.00000,0.00000,0.0,0,0.0,-50,-2.0
ElBlastoTr2,2025-08-22,12:35:47.185,47.99017,-81.85088,1234.1,47.95338,-81.83629,11179.4,3,44,-57,115,0x01,29,2,17,5,-115,-117,13899.31,9947.336,17090.920,78.162,62%,4.083,3.697,5508,666,0,641,4998,,0.00000,0.00000,0.0,0,0.0,-50,-2.0
ElBlastoTr2,2025-08-22,12:35:48.201,47.99017,-81.85088,1234.1,47.95333,-81.83614,11121.3,3,45,-59,119,0x01,29,2,17,5,-111,-123,13927.19,9889.164,17079.861,124.126,64%,4.087,3.699,5509,667,0,642,4999,,0.00000,0.00000,0.0,0,0.0,-50,-2.0
ElBlastoTr2,2025-08-22,12:35:49.192,47.99017,-81.85088,1234.1,47.95325,-81.83598,11064.7,3,45,-55,117,0x01,29,2,19,4,-110,-118,13964.38,9832.658,17077.615,139.644,65%,4.087,3.698,5510,668,0,643,5000,,0.00000,0.00000,0.0,0,0.0,-50,-2.0
ElBlastoTr2,2025-08-22,12:35:50.184,47.99017,-81.85088,1234.1,47.95320,-81.83582,11009.3,3,45,-56,117,0x01,29,1,18,6,-117,-111,13992.69,9777.186,17068.940,62.503,66%,4.079,3.694,5511,669,0,644,5001,,0.00000,0.00000,0.0,0,0.0,-50,-2.0
ElBlastoTr2,2025-08-22,12:35:51.201,47.99017,-81.85088,1234.1,47.95315,-81.83565,10952.7,3,47,-55,113,0x01,29,2,17,5,-108,-124,14021.62,9720.578,17060.352,176.522,66%,4.079,3.698,5512,670,0,645,5002,,0.00000,0.00000,0.0,0,0.0,-50,-2.0
ElBlastoTr2,2025-08-22,12:35:52.192,47.99017,-81.85088,1234.1,47.95310,-81.83548,10898.3,3,45,-55,115,0x01,29,1,17,6,-108,-111,14050.82,9666.254,17053.514,176.889,66%,4.081,3.701,5513,671,0,646,5003,,0.00000,0.00000,0.0,0,0.0,-50,-2.0
ElBlastoTr2,2025-08-22,12:35:53.183,47.99017,-81.85088,1234.1,47.95305,-81.83530,10841.6,3,44,-59,113,0x01,28,1,16,7,-106,-115,14080.05,9609.525,17045.569,223.154,67%,4.081,3.697,5514,672,0,647,5004,,0.00000,0.00000,0.0,0,0.0,-50,-2.0
ElBlastoTr2,2025-08-22,12:35:54.202,47.99017,-81.85088,1234.1,47.95300,-81.83513,10785.1,3,44,-58,108,0x01,28,1,17,7,-113,-111,14109.78,9553.023,17038.402,99.890,68%,4.081,3.699,5515,673,0,648,5005,,0.00000,0.00000,0.0,0,0.0,-50,-2.0
ElBlastoTr2,2025-08-22,12:35:55.223,47.99017,-81.85088,1234.1,47.95297,-81.83495,10730.0,3,48,-54,109,0x01,28,0,17,8,-110,-115,14130.73,9497.864,17024.922,141.307,70%,4.074,3.697,5516,674,0,649,5006,,0.00000,0.00000,0.0,0,0.0,-50,-2.0
ElBlastoTr2,2025-08-22,12:35:56.183,47.99017,-81.85088,1234.1,47.95292,-81.83477,10674.6,3,47,-56,112,0x01,28,1,17,7,-114,-112,14160.78,9442.521,17019.113,89.348,72%,4.074,3.700,5517,675,0,650,5007,,0.00000,0.00000,0.0,0,0.0,-50,-2.0
ElBlastoTr2,2025-08-22,12:35:57.202,47.99017,-81.85088,1234.1,47.95287,-81.83459,10617.0,3,46,-59,113,0x01,28,3,14,6,-106,-118,14190.93,9384.951,17012.386,224.911,74%,4.079,3.697,5518,676,0,651,5008,,0.00000,0.00000,0.0,0,0.0,-50,-2.0
ElBlastoTr2,2025-08-22,12:35:59.182,47.99017,-81.85088,1234.1,47.95277,-81.83423,10499.7,3,49,-56,112,0x01,28,0,20,5,-114,-111,14251.90,9267.563,16999.010,89.923,68%,4.086,3.697,5520,677,0,652,5009,,0.00000,0.00000,0.0,0,0.0,-50,-2.0
ElBlastoTr2,2025-08-22,12:36:00.201,47.99017,-81.85088,1234.1,47.95272,-81.83405,10443.3,3,48,-55,113,0x01,28,1,19,5,-107,-117,14282.92,9211.162,16994.400,201.752,69%,4.086,3.688,5521,678,0,653,5010,,0.00000,0.00000,0.0,0,0.0,-50,-2.0
ElBlastoTr2,2025-08-22,12:36:02.182,47.99017,-81.85088,1234.1,47.95261,-81.83368,10329.8,3,48,-55,112,0x01,28,1,18,5,-110,-113,14344.76,9097.664,16985.362,143.448,64%,4.078,3.697,5523,679,0,654,5011,,0.00000,0.00000,0.0,0,0.0,-50,-2.0
ElBlastoTr2,2025-08-22,12:36:03.200,47.99017,-81.85088,1234.1,47.95256,-81.83350,10271.8,3,50,-57,113,0x01,27,2,16,6,-104,-117,14375.94,9039.683,16980.770,286.838,66%,4.080,3.697,5524,680,0,655,5012,,0.00000,0.00000,0.0,0,0.0,-50,-2.0
ElBlastoTr2,2025-08-22,12:36:04.192,47.99017,-81.85088,1234.1,47.95251,-81.83331,10214.5,3,49,-56,115,0x01,28,0,20,5,-106,-109,14407.10,8982.389,16976.780,228.337,69%,4.080,3.697,5525,681,0,656,5013,,0.00000,0.00000,0.0,0,0.0,-50,-2.0
ElBlastoTr2,2025-08-22,12:36:05.184,47.99017,-81.85088,1234.1,47.95246,-81.83313,10158.1,3,50,-57,114,0x01,28,1,16,7,-117,-108,14438.37,8925.965,16973.590,64.494,71%,4.085,3.700,5526,682,0,657,5014,,0.00000,0.00000,0.0,0,0.0,-50,-2.0
ElBlastoTr2,2025-08-22,12:36:06.201,47.99017,-81.85088,1234.1,47.95241,-81.83294,10102.2,3,48,-54,114,0x01,28,0,20,4,-112,-125,14470.10,8870.076,16971.324,114.940,74%,4.085,3.697,5527,683,0,658,5015,,0.00000,0.00000,0.0,0,0.0,-50,-2.0
ElBlastoTr2,2025-08-22,12:36:07.191,47.99017,-81.85088,1234.1,47.95236,-81.83276,10047.3,3,48,-56,118,0x01,28,1,19,4,-108,-114,14501.36,8815.207,16969.417,182.561,75%,4.078,3.697,5528,684,0,659,5016,,0.00000,0.00000,0.0,0,0.0,-50,-2.0
ElBlastoTr2,2025-08-22,12:36:10.192,47.99017,-81.85088,1234.1,47.95218,-81.83221,9880.2,3,49,-58,111,0x01,28,1,18,6,-114,-112,14604.41,8648.120,16971.841,92.148,67%,4.083,3.697,5531,686,0,660,5017,,0.00000,0.00000,0.0,0,0.0,-50,-2.0
ElBlastoTr2,2025-08-22,12:36:11.184,47.99017,-81.85088,1234.1,47.95213,-81.83204,9820.4,3,49,-59,114,0x01,28,1,19,3,-112,-114,14635.98,8588.311,16968.670,116.258,69%,4.083,3.697,5532,687,0,661,5018,,0.00000,0.00000,0.0,0,0.0,-50,-2.0
ElBlastoTr2,2025-08-22,12:36:12.201,47.99017,-81.85088,1234.1,47.95208,-81.83187,9761.5,3,46,-56,120,0x01,27,3,16,5,-112,-114,14666.81,8529.416,16965.595,116.503,67%,4.085,3.700,5533,688,0,662,5018,,0.00000,0.00000,0.0,0,0.0,-50,-2.0
ElBlastoTr2,2025-08-22,12:36:13.193,47.99017,-81.85088,1234.1,47.95203,-81.83170,9705.0,3,48,-55,113,0x01,28,1,19,5,-109,-116,14698.18,8472.895,16964.428,164.916,68%,4.085,3.697,5534,689,0,663,5019,,0.00000,0.00000,0.0,0,0.0,-50,-2.0
ElBlastoTr2,2025-08-22,12:36:14.182,47.99017,-81.85088,1234.1,47.95197,-81.83150,9647.6,3,51,-54,113,0x01,28,2,18,4,-108,-116,14730.62,8415.555,16964.026,185.447,68%,4.073,3.697,5535,690,0,664,5020,,0.00000,0.00000,0.0,0,0.0,-50,-2.0
ElBlastoTr2,2025-08-22,12:36:15.202,47.99017,-81.85088,1234.1,47.95192,-81.83131,9590.9,3,49,-55,113,0x01,28,4,15,4,-104,-115,14763.43,8358.806,16964.502,294.569,68%,4.073,3.699,5536,691,0,665,5021,,0.00000,0.00000,0.0,0,0.0,-50,-2.0
ElBlastoTr2,2025-08-22,12:36:16.196,47.99017,-81.85088,1234.1,47.95187,-81.83113,9534.2,3,47,-56,114,0x01,28,3,17,4,-107,-109,14795.45,8302.090,16964.554,208.991,68%,4.079,3.700,5537,692,0,666,5022,,0.00000,0.00000,0.0,0,0.0,-50,-2.0
ElBlastoTr2,2025-08-22,12:36:17.181,47.99017,-81.85088,1234.1,47.95182,-81.83095,9477.9,3,50,-56,112,0x01,28,0,19,6,-106,-113,14827.65,8245.804,16965.218,235.002,68%,4.079,3.697,5538,693,0,667,5023,,0.00000,0.00000,0.0,0,0.0,-50,-2.0
ElBlastoTr2,2025-08-22,12:36:18.202,47.99017,-81.85088,1234.1,47.95177,-81.83076,9422.0,3,51,-54,106,0x01,28,2,18,3,-115,-111,14860.96,8189.892,16967.292,83.569,68%,4.078,3.697,5539,694,0,668,5024,,0.00000,0.00000,0.0,0,0.0,-50,-2.0
ElBlastoTr2,2025-08-22,12:36:19.192,47.99017,-81.85088,1234.1,47.95172,-81.83057,9365.5,3,47,-55,106,0x01,28,0,21,3,-113,-116,14894.33,8133.380,16969.374,105.444,68%,4.078,3.697,5540,695,0,669,5025,,0.00000,0.00000,0.0,0,0.0,-50,-2.0
ElBlastoTr2,2025-08-22,12:36:20.181,47.99017,-81.85088,1234.1,47.95167,-81.83038,9309.6,3,48,-52,111,0x01,28,1,17,5,-117,-113,14927.30,8077.468,16971.648,66.678,69%,4.078,3.700,5541,696,0,670,5026,,0.00000,0.00000,0.0,0,0.0,-50,-2.0
ElBlastoTr2,2025-08-22,12:36:21.202,47.99017,-81.85088,1234.1,47.95161,-81.83018,9253.6,3,53,-55,112,0x01,28,1,19,4,-112,-121,14960.79,8021.510,16974.601,118.838,70%,4.067,3.699,5542,697,0,671,5027,,0.00000,0.00000,0.0,0,0.0,-50,-2.0
ElBlastoTr2,2025-08-22,12:36:23.183,47.99017,-81.85088,1234.1,47.95154,-81.82977,9143.3,3,51,-53,107,0x01,27,1,17,6,-110,-120,15021.31,7911.208,16976.291,150.213,67%,4.077,3.695,5544,698,0,672,5028,,0.00000,0.00000,0.0,0,0.0,-50,-2.0
ElBlastoTr2,2025-08-22,12:36:24.201,47.99017,-81.85088,1234.1,47.95149,-81.82957,9088.1,3,50,-55,111,0x01,28,1,19,5,-115,-114,15055.36,7856.060,16980.857,84.663,69%,4.077,3.701,5545,699,0,673,5029,,0.00000,0.00000,0.0,0,0.0,-50,-2.0
ElBlastoTr2,2025-08-22,12:36:25.193,47.99017,-81.85088,1234.1,47.95144,-81.82938,9032.9,3,55,-51,108,0x01,28,2,18,5,-120,-120,15090.32,7800.844,16986.438,47.720,69%,4.079,3.696,5546,700,0,674,5030,,0.00000,0.00000,0.0,0,0.0,-50,-2.0
ElBlastoTr2,2025-08-22,12:36:26.183,47.99017,-81.85088,1234.1,47.95139,-81.82915,8977.6,3,56,-55,105,0x01,28,1,16,6,-112,-117,15126.58,7745.532,16993.384,120.155,71%,4.079,3.700,5547,701,0,675,5031,,0.00000,0.00000,0.0,0,0.0,-50,-2.0
ElBlastoTr2,2025-08-22,12:36:27.200,47.99017,-81.85088,1234.1,47.95134,-81.82894,8923.8,3,52,-53,107,0x01,28,2,17,5,-111,-113,15162.50,7691.713,17000.954,135.136,73%,4.079,3.701,5548,702,0,676,5032,,0.00000,0.00000,0.0,0,0.0,-50,-2.0
ElBlastoTr2,2025-08-22,12:36:28.192,47.99017,-81.85088,1234.1,47.95128,-81.82873,8869.2,3,56,-54,105,0x01,28,0,18,6,-112,-113,15198.43,7637.159,17008.441,120.725,74%,4.079,3.699,5549,703,0,677,5033,,0.00000,0.00000,0.0,0,0.0,-50,-2.0
ElBlastoTr2,2025-08-22,12:36:29.182,47.99017,-81.85088,1234.1,47.95126,-81.82851,8814.2,3,59,-56,101,0x01,27,1,20,2,-121,-115,15226.72,7582.120,17009.132,42.915,75%,4.077,3.696,5550,704,0,678,5034,,0.00000,0.00000,0.0,0,0.0,-50,-2.0
ElBlastoTr2,2025-08-22,12:36:30.200,47.99017,-81.85088,1234.1,47.95121,-81.82828,8758.3,3,59,-56,102,0x01,28,1,19,4,-120,-127,15264.17,7526.198,17017.869,48.270,76%,4.077,3.697,5551,705,0,679,5035,,0.00000,0.00000,0.0,0,0.0,-50,-2.0
ElBlastoTr2,2025-08-22,12:36:31.192,47.99017,-81.85088,1234.1,47.95118,-81.82805,8702.4,3,57,-57,103,0x01,28,1,21,2,-116,-127,15292.90,7470.335,17019.054,76.646,77%,4.078,3.697,5552,706,0,680,5036,,0.00000,0.00000,0.0,0,0.0,-50,-2.0
ElBlastoTr2,2025-08-22,12:36:32.182,47.99017,-81.85088,1234.1,47.95116,-81.82783,8646.0,3,57,-57,99,0x01,27,1,17,6,-110,-119,15322.00,7413.868,17020.537,153.220,77%,4.078,3.699,5553,707,0,681,5037,,0.00000,0.00000,0.0,0,0.0,-50,-2.0
ElBlastoTr2,2025-08-22,12:36:33.200,47.99017,-81.85088,1234.1,47.95113,-81.82759,8589.0,3,55,-58,98,0x01,28,2,17,6,-112,-115,15351.46,7356.903,17022.375,121.941,79%,4.078,3.697,5554,708,0,682,5038,,0.00000,0.00000,0.0,0,0.0,-50,-2.0
ElBlastoTr2,2025-08-22,12:36:34.191,47.99017,-81.85088,1234.1,47.95110,-81.82736,8532.1,3,56,-56,96,0x01,28,0,17,7,-116,-117,15380.96,7300.033,17024.528,77.087,81%,4.084,3.700,5555,709,0,683,5039,,0.00000,0.00000,0.0,0,0.0,-50,-2.0
ElBlastoTr2,2025-08-22,12:36:35.182,47.99017,-81.85088,1234.1,47.95108,-81.82713,8475.0,3,57,-57,98,0x01,28,1,19,4,-116,-123,15411.07,7242.878,17027.354,77.238,83%,4.084,3.694,5556,710,0,684,5040,,0.00000,0.00000,0.0,0,0.0,-50,-2.0
ElBlastoTr2,2025-08-22,12:36:41.182,47.99017,-81.85088,1234.1,47.95095,-81.82576,8134.5,3,57,-53,97,0x01,28,1,20,4,-120,-125,15583.28,6902.369,17042.683,49.279,68%,4.081,3.697,5562,713,0,685,5043,,0.00000,0.00000,0.0,0,0.0,-50,-2.0
ElBlastoTr2,2025-08-22,12:36:42.201,47.99017,-81.85088,1234.1,47.95092,-81.82553,8080.9,3,54,-53,99,0x03,28,2,17,6,-117,-122,15614.18,6848.793,17049.355,69.746,68%,4.081,3.699,5563,714,0,686,5044,,0.00000,0.00000,0.0,0,0.0,-50,-2.0
ElBlastoTr2,2025-08-22,12:36:43.191,47.99017,-81.85088,1234.1,47.95090,-81.82532,8027.0,3,53,-54,99,0x03,28,2,17,6,-116,-118,15643.84,6794.899,17054.984,78.405,68%,4.073,3.699,5564,715,0,687,5045,,0.00000,0.00000,0.0,0,0.0,-50,-2.0
ElBlastoTr2,2025-08-22,12:36:44.182,47.99017,-81.85088,1234.1,47.95087,-81.82510,7971.2,3,58,-57,102,0x03,28,1,17,7,-110,-119,15674.08,6739.118,17060.622,156.741,68%,4.073,3.696,5565,716,0,688,5046,,0.00000,0.00000,0.0,0,0.0,-50,-2.0
ElBlastoTr2,2025-08-22,12:36:45.203,47.99017,-81.85088,1234.1,47.95085,-81.82486,7913.9,3,57,-55,101,0x03,28,3,18,3,-113,-113,15706.05,6681.851,17067.503,111.190,68%,4.080,3.696,5566,717,0,689,5047,,0.00000,0.00000,0.0,0,0.0,-50,-2.0
ElBlastoTr2,2025-08-22,12:36:46.192,47.99017,-81.85088,1234.1,47.95082,-81.82464,7858.6,3,51,-52,102,0x03,28,1,17,6,-114,-115,15736.34,6626.526,17073.847,99.290,68%,4.080,3.697,5567,718,0,690,5048,,0.00000,0.00000,0.0,0,0.0,-50,-2.0
ElBlastoTr2,2025-08-22,12:36:47.183,47.99017,-81.85088,1234.1,47.95077,-81.82442,7805.5,3,55,-52,105,0x03,28,0,21,3,-113,-116,15774.74,6573.370,17088.728,111.677,70%,4.079,3.694,5568,719,0,691,5049,,0.00000,0.00000,0.0,0,0.0,-50,-2.0
ElBlastoTr2,2025-08-22,12:36:48.200,47.99017,-81.85088,1234.1,47.95074,-81.82420,7751.0,3,55,-55,102,0x03,28,1,19,4,-109,-121,15805.97,6518.938,17096.744,177.346,73%,4.079,3.700,5569,720,0,692,5050,,0.00000,0.00000,0.0,0,0.0,-50,-2.0
ElBlastoTr2,2025-08-22,12:36:49.191,47.99017,-81.85088,1234.1,47.95070,-81.82397,7696.5,3,55,-54,103,0x03,28,0,18,5,-110,-114,15845.72,6464.423,17112.837,158.457,74%,4.080,3.696,5570,721,0,693,5051,,0.00000,0.00000,0.0,0,0.0,-50,-2.0
ElBlastoTr2,2025-08-22,12:36:50.181,47.99017,-81.85088,1234.1,47.95067,-81.82376,7641.8,3,51,-57,105,0x03,28,3,17,4,-111,-116,15876.07,6409.715,17120.395,141.496,74%,4.080,3.699,5571,722,0,694,5052,,0.00000,0.00000,0.0,0,0.0,-50,-2.0
ElBlastoTr2,2025-08-22,12:36:51.202,47.99017,-81.85088,1234.1,47.95064,-81.82355,7587.2,3,50,-55,104,0x03,28,2,15,7,-112,-116,15905.65,6355.092,17127.492,126.343,75%,4.081,3.695,5572,723,0,695,5053,,0.00000,0.00000,0.0,0,0.0,-50,-2.0
ElBlastoTr2,2025-08-22,12:36:53.182,47.99017,-81.85088,1234.1,47.95057,-81.82313,7475.8,3,52,-55,105,0x03,27,1,18,5,-115,-119,15974.80,6243.717,17150.880,89.833,70%,4.077,3.696,5574,724,0,696,5054,,0.00000,0.00000,0.0,0,0.0,-50,-2.0
ElBlastoTr2,2025-08-22,12:36:54.203,47.99017,-81.85088,1234.1,47.95054,-81.82293,7420.1,3,49,-56,104,0x03,27,2,20,2,-118,-119,16004.15,6188.049,17158.072,63.714,70%,4.077,3.696,5575,725,0,697,5055,,0.00000,0.00000,0.0,0,0.0,-50,-2.0
ElBlastoTr2,2025-08-22,12:36:55.191,47.99017,-81.85088,1234.1,47.95052,-81.82275,7366.5,3,47,-55,103,0x03,28,1,18,6,-120,-121,16031.75,6134.394,17164.580,50.697,70%,4.075,3.696,5576,726,0,698,5056,,0.00000,0.00000,0.0,0,0.0,-50,-2.0
ElBlastoTr2,2025-08-22,12:36:57.203,47.99017,-81.85088,1234.1,47.95046,-81.82236,7258.0,3,46,-53,93,0x03,28,1,18,4,-114,-126,16089.39,6025.886,17180.082,101.517,64%,4.075,3.696,5578,728,0,699,5058,,0.00000,0.00000,0.0,0,0.0,-50,-2.0
ElBlastoTr2,2025-08-22,12:36:58.191,47.99017,-81.85088,1234.1,47.95044,-81.82218,7204.6,3,38,-54,94,0x03,28,2,19,4,-117,-118,16116.41,5972.510,17186.775,71.989,65%,4.086,3.697,5579,729,0,700,5059,,0.00000,0.00000,0.0,0,0.0,-50,-2.0
ElBlastoTr2,2025-08-22,12:37:01.192,47.99017,-81.85088,1234.1,47.95041,-81.82166,7038.1,3,40,-56,88,0x03,28,3,16,5,-114,-122,16180.75,5806.047,17190.199,102.094,60%,4.079,3.697,5582,730,0,701,5060,,0.00000,0.00000,0.0,0,0.0,-50,-2.0
ElBlastoTr2,2025-08-22,12:37:02.181,47.99017,-81.85088,1234.1,47.95039,-81.82151,6981.2,3,38,-57,98,0x03,28,3,17,5,-113,-125,16205.80,5749.075,17194.657,114.728,63%,4.091,3.700,5583,731,0,702,5061,,0.00000,0.00000,0.0,0,0.0,-50,-2.0
ElBlastoTr2,2025-08-22,12:37:03.202,47.99017,-81.85088,1234.1,47.95039,-81.82134,6922.8,3,44,-58,97,0x03,28,1,16,8,-117,-120,16224.36,5690.725,17192.757,72.472,65%,4.091,3.696,5584,732,0,703,5062,,0.00000,0.00000,0.0,0,0.0,-50,-2.0
ElBlastoTr2,2025-08-22,12:37:05.244,47.99017,-81.85088,1234.1,47.95036,-81.82099,6806.3,3,38,-57,88,0x03,28,3,18,4,-110,-124,16270.35,5574.226,17198.063,162.703,63%,4.081,3.696,5586,733,0,704,5063,,0.00000,0.00000,0.0,0,0.0,-50,-2.0
ElBlastoTr2,2025-08-22,12:37:06.202,47.99017,-81.85088,1234.1,47.95036,-81.82082,6744.0,3,43,-55,94,0x03,28,0,20,4,-110,-117,16289.82,5511.926,17196.424,162.898,65%,4.081,3.687,5587,734,0,705,5064,,0.00000,0.00000,0.0,0,0.0,-50,-2.0
ElBlastoTr2,2025-08-22,12:37:07.192,47.99017,-81.85088,1234.1,47.95036,-81.82066,6695.1,3,46,-53,92,0x03,28,2,15,8,-112,-114,16307.43,5463.032,17197.522,129.535,65%,4.062,3.698,5588,735,0,706,5065,,0.00000,0.00000,0.0,0,0.0,-50,-2.0
ElBlastoTr2,2025-08-22,12:37:09.200,47.99017,-81.85088,1234.1,47.95039,-81.82034,6588.9,3,32,-51,79,0x03,28,1,18,6,-107,-114,16334.79,5356.844,17190.090,230.735,59%,4.082,3.696,5590,736,0,707,5066,,0.00000,0.00000,0.0,0,0.0,-50,-2.0
ElBlastoTr2,2025-08-22,12:37:10.192,47.99017,-81.85088,1234.1,47.95039,-81.82020,6536.4,3,39,-54,91,0x03,28,1,20,4,-118,-113,16350.46,5304.299,17188.698,65.092,59%,4.082,3.698,5591,737,0,708,5067,,0.00000,0.00000,0.0,0,0.0,-50,-2.0
ElBlastoTr2,2025-08-22,12:37:11.182,47.99017,-81.85088,1234.1,47.95039,-81.82002,6482.7,3,43,-52,90,0x03,28,1,16,7,-118,-119,16369.79,5250.601,17190.614,65.169,59%,4.078,3.696,5592,738,0,709,5068,,0.00000,0.00000,0.0,0,0.0,-50,-2.0
ElBlastoTr2,2025-08-22,12:37:13.192,47.99017,-81.85088,1234.1,47.95039,-81.81969,6378.9,3,41,-52,86,0x03,28,2,17,5,-111,-123,16407.87,5146.762,17195.530,146.235,55%,4.082,3.695,5594,739,0,710,5069,,0.00000,0.00000,0.0,0,0.0,-50,-2.0
ElBlastoTr2,2025-08-22,12:37:14.183,47.99017,-81.85088,1234.1,47.95039,-81.81950,6325.8,3,47,-52,84,0x03,28,2,16,6,-114,-115,16428.85,5093.701,17199.770,103.659,55%,4.082,3.698,5595,740,0,711,5070,,0.00000,0.00000,0.0,0,0.0,-50,-2.0
ElBlastoTr2,2025-08-22,12:37:15.202,47.99017,-81.85088,1234.1,47.95041,-81.81931,6271.9,3,45,-55,76,0x03,28,3,17,2,-113,-119,16442.34,5039.807,17196.789,116.403,55%,4.079,3.673,5596,741,0,712,5071,,0.00000,0.00000,0.0,0,0.0,-50,-2.0
ElBlastoTr2,2025-08-22,12:37:16.192,47.99017,-81.85088,1234.1,47.95044,-81.81915,6216.6,3,36,-55,76,0x03,28,1,18,5,-114,-117,16453.04,4984.525,17190.913,103.812,55%,4.079,3.699,5597,742,0,713,5072,,0.00000,0.00000,0.0,0,0.0,-50,-2.0
ElBlastoTr2,2025-08-22,12:37:17.184,47.99017,-81.85088,1234.1,47.95046,-81.81901,6160.4,3,35,-55,79,0x03,28,2,18,4,-114,-116,16461.18,4928.284,17182.496,103.863,57%,4.079,3.695,5598,743,0,714,5073,,0.00000,0.00000,0.0,0,0.0,-50,-2.0
ElBlastoTr2,2025-08-22,12:37:18.200,47.99017,-81.85088,1234.1,47.95049,-81.81886,6107.1,3,36,-51,69,0x03,28,1,19,5,-112,-117,16469.73,4874.967,17175.486,130.824,59%,4.068,3.698,5599,744,0,715,5074,,0.00000,0.00000,0.0,0,0.0,-50,-2.0
ElBlastoTr2,2025-08-22,12:37:19.195,47.99017,-81.85088,1234.1,47.95052,-81.81873,6055.1,3,30,-52,72,0x03,28,3,19,3,-116,-116,16476.62,4822.986,17167.423,82.579,59%,4.068,3.696,5600,745,0,716,5075,,0.00000,0.00000,0.0,0,0.0,-50,-2.0
ElBlastoTr2,2025-08-22,12:37:20.212,47.99017,-81.85088,1234.1,47.95054,-81.81861,6001.9,3,33,-53,85,0x03,28,1,18,5,-115,-119,16482.91,4769.803,17158.604,92.690,59%,4.081,3.699,5601,746,0,717,5076,,0.00000,0.00000,0.0,0,0.0,-50,-2.0
ElBlastoTr2,2025-08-22,12:37:21.201,47.99017,-81.85088,1234.1,47.95054,-81.81847,5949.5,3,39,-51,84,0x03,28,2,17,5,-115,-116,16499.90,4717.369,17160.444,92.786,61%,4.081,3.695,5602,747,0,718,5077,,0.00000,0.00000,0.0,0,0.0,-50,-2.0
ElBlastoTr2,2025-08-22,12:37:22.193,47.99017,-81.85088,1234.1,47.95057,-81.81830,5898.0,3,42,-51,77,0x03,28,1,18,5,-118,-122,16511.03,4665.958,17157.102,65.732,63%,4.076,3.696,5603,748,0,719,5078,,0.00000,0.00000,0.0,0,0.0,-50,-2.0
ElBlastoTr2,2025-08-22,12:37:23.181,47.99017,-81.85088,1234.1,47.95059,-81.81813,5845.6,3,41,-51,75,0x03,28,2,15,6,-113,-117,16522.70,4613.557,17154.168,116.972,63%,4.076,3.700,5604,749,0,720,5079,,0.00000,0.00000,0.0,0,0.0,-50,-2.0
ElBlastoTr2,2025-08-22,12:37:25.193,47.99017,-81.85088,1234.1,47.95062,-81.81782,5736.4,3,42,-54,78,0x03,28,1,17,6,-113,-116,16552.36,4504.262,17153.731,117.182,61%,4.080,3.695,5606,750,0,721,5080,,0.00000,0.00000,0.0,0,0.0,-50,-2.0
ElBlastoTr2,2025-08-22,12:37:26.181,47.99017,-81.85088,1234.1,47.95067,-81.81764,5680.4,3,44,-55,72,0x03,28,2,18,4,-116,-117,16556.54,4448.337,17143.172,82.979,64%,4.076,3.693,5607,751,0,722,5081,,0.00000,0.00000,0.0,0,0.0,-50,-2.0
ElBlastoTr2,2025-08-22,12:37:27.202,47.99017,-81.85088,1234.1,47.95070,-81.81749,5626.5,3,38,-50,69,0x03,28,2,15,7,-114,-118,16567.17,4394.370,17139.532,104.532,65%,4.076,3.694,5608,752,0,723,5082,,0.00000,0.00000,0.0,0,0.0,-50,-2.0
ElBlastoTr2,2025-08-22,12:37:28.195,47.99017,-81.85088,1234.1,47.95072,-81.81734,5574.1,3,36,-52,76,0x03,28,2,16,5,-117,-120,16576.29,4341.995,17135.006,74.044,66%,4.076,3.698,5609,753,0,724,5083,,0.00000,0.00000,0.0,0,0.0,-50,-2.0
ElBlastoTr2,2025-08-22,12:37:29.182,47.99017,-81.85088,1234.1,47.95074,-81.81719,5521.3,3,39,-54,75,0x03,28,3,18,3,-116,-123,16586.69,4289.206,17131.779,83.130,69%,4.085,3.696,5610,754,0,725,5084,,0.00000,0.00000,0.0,0,0.0,-50,-2.0
ElBlastoTr2,2025-08-22,12:37:30.202,47.99017,-81.85088,1234.1,47.95077,-81.81703,5467.6,3,40,-54,68,0x03,28,1,16,7,-114,-117,16597.82,4235.526,17129.216,104.725,72%,4.085,3.698,5611,755,0,726,5085,,0.00000,0.00000,0.0,0,0.0,-50,-2.0
ElBlastoTr2,2025-08-22,12:37:31.194,47.99017,-81.85088,1234.1,47.95082,-81.81689,5414.4,3,36,-50,71,0x03,28,1,16,7,-119,-115,16599.55,4182.313,17117.815,58.897,73%,4.078,3.695,5612,756,0,727,5086,,0.00000,0.00000,0.0,0,0.0,-50,-2.0
ElBlastoTr2,2025-08-22,12:37:32.181,47.99017,-81.85088,1234.1,47.95085,-81.81674,5362.5,3,37,-51,66,0x03,28,2,15,7,-118,-128,16609.69,4130.424,17115.056,66.124,73%,4.078,3.698,5613,757,0,728,5087,,0.00000,0.00000,0.0,0,0.0,-50,-2.0
ElBlastoTr2,2025-08-22,12:37:35.183,47.99017,-81.85088,1234.1,47.95098,-81.81629,5193.6,3,38,-57,70,0x03,28,4,16,5,-118,-121,16624.96,3961.529,17089.966,66.185,68%,4.077,3.694,5616,758,0,729,5088,,0.00000,0.00000,0.0,0,0.0,-50,-2.0
ElBlastoTr2,2025-08-22,12:37:36.201,47.99017,-81.85088,1234.1,47.95100,-81.81615,5139.4,3,38,-52,70,0x03,28,0,19,6,-116,-118,16634.93,3907.278,17087.178,83.372,68%,4.077,3.698,5617,759,0,730,5089,,0.00000,0.00000,0.0,0,0.0,-50,-2.0
ElBlastoTr2,2025-08-22,12:37:38.183,47.99017,-81.85088,1234.1,47.95108,-81.81585,5030.3,3,37,-52,69,0x03,28,1,18,6,-118,-126,16647.99,3798.236,17075.318,66.277,66%,4.066,3.676,5619,761,0,731,5091,,0.00000,0.00000,0.0,0,0.0,-50,-2.0
ElBlastoTr2,2025-08-22,12:37:39.200,47.99017,-81.85088,1234.1,47.95110,-81.81570,4976.5,3,35,-53,75,0x03,28,1,18,6,-121,-122,16658.29,3744.443,17073.488,46.949,66%,4.066,3.694,5620,762,0,732,5092,,0.00000,0.00000,0.0,0,0.0,-50,-2.0
ElBlastoTr2,2025-08-22,12:37:41.182,47.99017,-81.85088,1234.1,47.95118,-81.81543,4873.5,3,38,-52,68,0x03,28,2,17,4,-113,-123,16668.63,3641.365,17061.296,118.005,60%,4.080,3.695,5622,764,0,733,5092,,0.00000,0.00000,0.0,0,0.0,-50,-2.0
ElBlastoTr2,2025-08-22,12:37:42.201,47.99017,-81.85088,1234.1,47.95121,-81.81529,4820.8,3,40,-52,70,0x03,28,2,20,2,-110,-120,16678.55,3588.744,17059.851,166.786,61%,4.086,3.697,5623,765,0,734,5093,,0.00000,0.00000,0.0,0,0.0,-50,-2.0
ElBlastoTr2,2025-08-22,12:37:43.192,47.99017,-81.85088,1234.1,47.95126,-81.81516,4767.4,3,35,-54,68,0x03,28,1,18,5,-118,-113,16680.08,3535.348,17050.201,66.405,62%,4.086,3.695,5624,766,0,735,5094,,0.00000,0.00000,0.0,0,0.0,-50,-2.0
ElBlastoTr2,2025-08-22,12:37:44.211,47.99017,-81.85088,1234.1,47.95128,-81.81503,4712.3,3,38,-56,64,0x03,28,2,17,5,-112,-122,16689.09,3480.227,17047.680,132.566,62%,4.077,3.697,5625,767,0,736,5095,,0.00000,0.00000,0.0,0,0.0,-50,-2.0
ElBlastoTr2,2025-08-22,12:37:45.203,47.99017,-81.85088,1234.1,47.95131,-81.81488,4655.2,3,37,-56,67,0x03,28,1,16,8,-110,-113,16698.98,3423.094,17045.808,166.990,62%,4.077,3.694,5626,768,0,737,5096,,0.00000,0.00000,0.0,0,0.0,-50,-2.0
ElBlastoTr2,2025-08-22,12:37:46.220,47.99017,-81.85088,1234.1,47.95136,-81.81474,4600.4,3,37,-54,68,0x03,28,3,16,6,-112,-112,16701.02,3368.320,17036.898,132.661,63%,4.077,3.694,5627,769,0,738,5097,,0.00000,0.00000,0.0,0,0.0,-50,-2.0
ElBlastoTr2,2025-08-22,12:37:47.181,47.99017,-81.85088,1234.1,47.95139,-81.81461,4546.4,3,35,-53,67,0x03,28,1,22,2,-110,-111,16710.66,3314.324,17035.766,167.107,64%,4.077,3.694,5628,770,0,739,5098,,0.00000,0.00000,0.0,0,0.0,-50,-2.0
ElBlastoTr2,2025-08-22,12:37:48.201,47.99017,-81.85088,1234.1,47.95141,-81.81447,4490.6,3,35,-57,71,0x03,28,2,17,5,-110,-111,16720.83,3258.471,17034.981,167.208,64%,4.077,3.694,5629,771,0,740,5099,,0.00000,0.00000,0.0,0,0.0,-50,-2.0
ElBlastoTr2,2025-08-22,12:37:49.193,47.99017,-81.85088,1234.1,47.95146,-81.81433,4434.7,3,37,-54,72,0x03,28,2,18,3,-109,-111,16723.39,3202.645,17026.910,187.640,64%,4.077,3.696,5630,772,0,741,5099,,0.00000,0.00000,0.0,0,0.0,-50,-2.0
ElBlastoTr2,2025-08-22,12:37:50.182,47.99017,-81.85088,1234.1,47.95149,-81.81419,4381.7,3,38,-53,70,0x03,28,4,14,6,-111,-110,16734.05,3149.633,17027.502,149.142,67%,4.077,3.698,5631,773,0,742,5100,,0.00000,0.00000,0.0,0,0.0,-50,-2.0
ElBlastoTr2,2025-08-22,12:37:51.201,47.99017,-81.85088,1234.1,47.95152,-81.81405,4329.2,3,37,-51,72,0x03,28,2,19,4,-110,-113,16744.48,3097.080,17028.119,167.445,68%,4.079,3.697,5632,774,0,743,5101,,0.00000,0.00000,0.0,0,0.0,-50,-2.0
ElBlastoTr2,2025-08-22,12:37:52.191,47.99017,-81.85088,1234.1,47.95154,-81.81391,4275.2,3,35,-54,70,0x03,28,1,15,8,-116,-115,16754.94,3043.117,17028.683,83.974,68%,4.079,3.697,5633,775,0,744,5102,,0.00000,0.00000,0.0,0,0.0,-50,-2.0
ElBlastoTr2,2025-08-22,12:37:54.206,47.99017,-81.85088,1234.1,47.95161,-81.81363,4173.8,3,37,-52,69,0x03,28,3,17,4,-114,-125,16768.04,2941.723,17023.776,105.799,63%,4.081,3.675,5635,777,0,745,5104,,0.00000,0.00000,0.0,0,0.0,-50,-2.0
ElBlastoTr2,2025-08-22,12:37:55.192,47.99017,-81.85088,1234.1,47.95164,-81.81349,4120.9,3,36,-52,71,0x03,28,2,18,4,-107,-114,16778.53,2888.780,17025.046,237.003,64%,4.079,3.695,5636,778,0,746,5105,,0.00000,0.00000,0.0,0,0.0,-50,-2.0
ElBlastoTr2,2025-08-22,12:37:56.183,47.99017,-81.85088,1234.1,47.95167,-81.81335,4068.4,3,37,-53,67,0x03,28,1,22,1,-113,-109,16788.93,2836.310,17026.485,118.857,64%,4.079,3.696,5637,779,0,747,5106,,0.00000,0.00000,0.0,0,0.0,-50,-2.0
ElBlastoTr2,2025-08-22,12:37:57.230,47.99017,-81.85088,1234.1,47.95172,-81.81322,4015.6,3,38,-53,66,0x03,28,3,18,3,-111,-113,16792.34,2783.475,17021.136,149.662,64%,4.079,3.695,5638,780,0,748,5107,,0.00000,0.00000,0.0,0,0.0,-50,-2.0
ElBlastoTr2,2025-08-22,12:37:58.191,47.99017,-81.85088,1234.1,47.95174,-81.81307,3962.6,3,35,-51,71,0x03,27,1,16,6,-112,-116,16803.63,2730.551,17023.705,133.476,67%,4.061,3.695,5639,781,0,749,5108,,0.00000,0.00000,0.0,0,0.0,-50,-2.0
ElBlastoTr2,2025-08-22,12:37:59.210,47.99017,-81.85088,1234.1,47.95177,-81.81293,3912.0,3,35,-49,71,0x03,28,3,14,7,-109,-114,16814.37,2679.869,17026.270,188.660,70%,4.061,3.695,5640,782,0,750,5109,,0.00000,0.00000,0.0,0,0.0,-50,-2.0
ElBlastoTr2,2025-08-22,12:38:00.202,47.99017,-81.85088,1234.1,47.95182,-81.81280,3863.5,3,39,-49,68,0x03,28,4,17,2,-117,-111,16817.57,2631.454,17021.885,75.121,72%,4.077,3.698,5641,783,0,751,5110,,0.00000,0.00000,0.0,0,0.0,-50,-2.0
ElBlastoTr2,2025-08-22,12:38:01.191,47.99017,-81.85088,1234.1,47.95185,-81.81264,3812.4,3,40,-53,69,0x03,28,3,16,5,-104,-118,16830.65,2580.282,17026.981,335.816,72%,4.077,3.694,5642,784,0,752,5111,,0.00000,0.00000,0.0,0,0.0,-50,-2.0
ElBlastoTr2,2025-08-22,12:38:04.194,47.99017,-81.85088,1234.1,47.95197,-81.81221,3655.6,3,37,-51,70,0x03,28,1,17,6,-106,-109,16850.71,2423.553,17023.813,267.066,69%,4.083,3.695,5645,785,0,753,5112,,0.00000,0.00000,0.0,0,0.0,-50,-2.0
ElBlastoTr2,2025-08-22,12:38:05.182,47.99017,-81.85088,1234.1,47.95200,-81.81207,3603.8,3,35,-52,68,0x03,28,3,15,7,-114,-112,16862.85,2371.736,17028.534,106.397,71%,4.083,3.692,5646,786,0,754,5113,,0.00000,0.00000,0.0,0,0.0,-50,-2.0
ElBlastoTr2,2025-08-22,12:38:06.201,47.99017,-81.85088,1234.1,47.95203,-81.81193,3552.7,3,35,-51,69,0x03,28,2,18,4,-110,-116,16873.86,2320.640,17032.414,168.739,73%,4.076,3.695,5647,787,0,755,5114,,0.00000,0.00000,0.0,0,0.0,-50,-2.0
ElBlastoTr2,2025-08-22,12:38:07.192,47.99017,-81.85088,1234.1,47.95208,-81.81179,3498.6,3,35,-55,65,0x03,28,4,14,6,-112,-114,16877.28,2266.477,17028.511,134.061,73%,4.076,3.696,5648,788,0,756,5115,,0.00000,0.00000,0.0,0,0.0,-50,-2.0
ElBlastoTr2,2025-08-22,12:38:08.242,47.99017,-81.85088,1234.1,47.95210,-81.81167,3441.8,3,35,-55,61,0x03,28,4,14,7,-113,-115,16887.47,2209.721,17031.166,119.554,73%,4.083,3.697,5649,789,0,757,5116,,0.00000,0.00000,0.0,0,0.0,-50,-2.0
ElBlastoTr2,2025-08-22,12:38:11.183,47.99017,-81.85088,1234.1,47.95226,-81.81133,3274.8,3,31,-55,55,0x03,28,2,17,5,-115,-117,16888.96,2042.694,17011.793,94.974,64%,4.075,3.696,5652,790,0,758,5117,,0.00000,0.00000,0.0,0,0.0,-50,-2.0
ElBlastoTr2,2025-08-22,12:38:13.191,47.99017,-81.85088,1234.1,47.95236,-81.81112,3165.2,3,32,-54,49,0x03,28,0,17,8,-107,-118,16886.88,1933.074,16996.926,238.533,58%,4.081,3.694,5654,792,0,759,5118,,0.00000,0.00000,0.0,0,0.0,-50,-2.0
ElBlastoTr2,2025-08-22,12:38:14.182,47.99017,-81.85088,1234.1,47.95241,-81.81101,3109.3,3,33,-56,52,0x03,28,1,17,7,-113,-113,16886.39,1877.244,16990.194,119.547,61%,4.081,3.696,5655,793,0,760,5119,,0.00000,0.00000,0.0,0,0.0,-50,-2.0
ElBlastoTr2,2025-08-22,12:38:15.202,47.99017,-81.85088,1234.1,47.95246,-81.81091,3055.0,3,35,-52,51,0x03,28,4,16,5,-110,-121,16886.52,1822.930,16984.413,168.865,62%,4.078,3.694,5656,794,0,761,5120,,0.00000,0.00000,0.0,0,0.0,-50,-2.0
ElBlastoTr2,2025-08-22,12:38:16.192,47.99017,-81.85088,1234.1,47.95254,-81.81080,3000.1,3,35,-54,52,0x03,28,2,20,3,-112,-115,16879.09,1767.979,16971.213,134.075,62%,4.078,3.697,5657,795,0,762,5121,,0.00000,0.00000,0.0,0,0.0,-50,-2.0
ElBlastoTr2,2025-08-22,12:38:17.182,47.99017,-81.85088,1234.1,47.95259,-81.81068,2944.1,3,35,-56,54,0x03,27,2,15,7,-107,-113,16879.62,1711.998,16966.011,238.431,62%,4.080,3.694,5658,796,0,763,5122,,0.00000,0.00000,0.0,0,0.0,-50,-2.0
ElBlastoTr2,2025-08-22,12:38:18.201,47.99017,-81.85088,1234.1,47.95264,-81.81057,2889.3,3,35,-51,52,0x03,28,2,18,4,-109,-109,16880.84,1657.208,16961.786,189.406,64%,4.080,3.691,5659,797,0,764,5123,,0.00000,0.00000,0.0,0,0.0,-50,-2.0
ElBlastoTr2,2025-08-22,12:38:19.220,47.99017,-81.85088,1234.1,47.95272,-81.81046,2834.4,3,34,-56,47,0x03,27,1,16,6,-108,-116,16873.66,1602.277,16949.372,212.427,66%,4.080,3.694,5660,798,0,765,5124,,0.00000,0.00000,0.0,0,0.0,-50,-2.0
ElBlastoTr2,2025-08-22,12:38:20.182,47.99017,-81.85088,1234.1,47.95277,-81.81036,2778.9,3,33,-54,51,0x03,28,3,15,6,-101,-110,16873.58,1546.847,16944.151,475.562,66%,4.066,3.697,5661,799,0,766,5125,,0.00000,0.00000,0.0,0,0.0,-50,-2.0
ElBlastoTr2,2025-08-22,12:38:21.204,47.99017,-81.85088,1234.1,47.95282,-81.81024,2725.2,3,34,-53,59,0x03,28,2,18,4,-110,-108,16874.88,1493.137,16940.624,168.749,66%,4.066,3.694,5662,800,0,767,5126,,0.00000,0.00000,0.0,0,0.0,-50,-2.0
ElBlastoTr2,2025-08-22,12:38:22.191,47.99017,-81.85088,1234.1,47.95287,-81.81013,2670.8,3,30,-54,48,0x03,28,2,20,2,-108,-116,16874.88,1438.688,16935.921,212.442,66%,4.074,3.696,5663,801,0,768,5127,,0.00000,0.00000,0.0,0,0.0,-50,-2.0
ElBlastoTr2,2025-08-22,12:38:23.182,47.99017,-81.85088,1234.1,47.95292,-81.81004,2614.5,3,30,-57,51,0x03,28,2,19,4,-115,-112,16874.36,1382.402,16930.721,94.891,67%,4.074,3.696,5664,802,0,769,5128,,0.00000,0.00000,0.0,0,0.0,-50,-2.0
ElBlastoTr2,2025-08-22,12:38:24.202,47.99017,-81.85088,1234.1,47.95297,-81.80994,2557.1,3,31,-56,55,0x03,28,5,15,5,-116,-122,16873.52,1325.004,16925.303,84.568,68%,4.086,3.697,5665,803,0,770,5129,,0.00000,0.00000,0.0,0,0.0,-50,-2.0
ElBlastoTr2,2025-08-22,12:38:25.191,47.99017,-81.85088,1234.1,47.95303,-81.80984,2528.6,3,24,-18,62,0x03,28,1,16,7,-108,-116,16873.75,1296.470,16923.330,212.428,69%,4.086,3.694,5666,804,0,771,5130,,0.00000,0.00000,0.0,0,0.0,-50,-2.0
ElBlastoTr2,2025-08-22,12:38:26.181,47.99017,-81.85088,1234.1,47.95305,-81.80975,2508.2,3,21,-20,68,0x03,28,1,20,4,-111,-112,16878.33,1276.158,16926.356,150.428,69%,4.082,3.696,5667,805,0,772,5131,,0.00000,0.00000,0.0,0,0.0,-50,-2.0
ElBlastoTr2,2025-08-22,12:38:28.192,47.99017,-81.85088,1234.1,47.95308,-81.80955,2466.3,3,26,-22,90,0x03,28,1,18,6,-109,-112,16900.45,1234.233,16945.304,189.626,69%,4.071,3.695,5669,806,0,773,5132,,0.00000,0.00000,0.0,0,0.0,-50,-2.0
ElBlastoTr2,2025-08-22,12:38:29.184,47.99017,-81.85088,1234.1,47.95308,-81.80946,2444.7,3,21,-21,88,0x03,28,2,15,7,-116,-113,16914.45,1212.599,16957.711,84.773,71%,4.071,3.694,5670,807,0,774,5133,,0.00000,0.00000,0.0,0,0.0,-50,-2.0
ElBlastoTr2,2025-08-22,12:38:30.202,47.99015,-81.85087,1230.9,47.95308,-81.80936,2423.2,3,20,-21,82,0x03,28,1,18,5,-116,-121,16920.08,1194.347,16962.035,84.801,72%,4.084,3.695,5671,808,0,775,5134,,0.00000,0.00000,0.0,0,0.0,-50,-2.0
ElBlastoTr2,2025-08-22,12:38:32.182,47.99015,-81.85087,1230.9,47.95310,-81.80924,2378.3,3,11,-23,40,0x03,28,1,20,3,-107,-118,16931.17,1149.449,16970.006,239.159,67%,4.084,3.694,5673,809,0,776,5135,,0.00000,0.00000,0.0,0,0.0,-50,-2.0
ElBlastoTr2,2025-08-22,12:38:33.231,47.99015,-81.85087,1230.9,47.95313,-81.80921,2354.0,3,15,-24,25,0x03,28,0,22,2,-109,-112,16928.02,1125.190,16965.242,189.936,67%,4.068,3.696,5674,810,0,777,5136,,0.00000,0.00000,0.0,0,0.0,-50,-2.0
ElBlastoTr2,2025-08-22,12:38:34.192,47.99015,-81.85087,1230.9,47.95318,-81.80918,2329.9,3,20,-23,21,0x03,28,4,17,3,-105,-117,16917.33,1101.024,16952.988,300.837,69%,4.068,3.695,5675,811,0,778,5137,,0.00000,0.00000,0.0,0,0.0,-50,-2.0
ElBlastoTr2,2025-08-22,12:38:35.180,47.99015,-81.85087,1230.9,47.95323,-81.80915,2306.2,3,23,-24,17,0x03,28,2,18,5,-103,-109,16906.96,1077.389,16941.126,378.500,71%,4.086,3.694,5676,812,0,779,5138,,0.00000,0.00000,0.0,0,0.0,-50,-2.0
ElBlastoTr2,2025-08-22,12:38:37.222,47.99015,-81.85087,1230.9,47.95338,-81.80907,2258.1,3,34,-23,21,0x03,28,2,18,4,-104,-123,16874.10,1029.275,16905.341,336.683,69%,4.076,3.694,5678,814,0,780,5140,,0.00000,0.00000,0.0,0,0.0,-50,-2.0
ElBlastoTr2,2025-08-22,12:38:38.183,47.99015,-81.85087,1230.9,47.95346,-81.80902,2235.0,3,31,-22,21,0x03,28,2,18,2,-110,-108,16859.57,1006.155,16889.449,168.596,71%,4.076,3.697,5679,815,0,781,5141,,0.00000,0.00000,0.0,0,0.0,-50,-2.0
ElBlastoTr2,2025-08-22,12:38:39.200,47.99015,-81.85087,1230.9,47.95356,-81.80898,2211.6,3,31,-24,22,0x03,28,2,16,7,-116,-112,16836.92,982.776,16865.463,84.385,72%,4.079,3.694,5680,816,0,782,5142,,0.00000,0.00000,0.0,0,0.0,-50,-2.0
ElBlastoTr2,2025-08-22,12:38:40.191,47.99015,-81.85087,1230.9,47.95364,-81.80892,2188.0,3,28,-23,21,0x03,28,2,17,5,-106,-130,16821.89,959.144,16849.100,266.609,69%,4.079,3.698,5681,817,0,783,5142,,0.00000,0.00000,0.0,0,0.0,-50,-2.0
ElBlastoTr2,2025-08-22,12:38:41.184,47.99015,-81.85087,1230.9,47.95369,-81.80888,2164.6,3,26,-23,23,0x03,27,1,18,5,-104,-110,16813.77,935.709,16839.676,335.479,69%,4.076,3.692,5682,818,0,784,5143,,0.00000,0.00000,0.0,0,0.0,-50,-2.0
ElBlastoTr2,2025-08-22,12:38:42.201,47.99015,-81.85087,1230.9,47.95377,-81.80884,2140.6,3,27,-24,23,0x03,28,3,13,7,-108,-109,16798.07,911.742,16822.684,211.475,69%,4.076,3.694,5683,819,0,785,5144,,0.00000,0.00000,0.0,0,0.0,-50,-2.0
ElBlastoTr2,2025-08-22,12:38:43.192,47.99015,-81.85087,1230.9,47.95384,-81.80878,2115.5,3,30,-25,24,0x03,28,2,16,7,-105,-111,16783.19,886.638,16806.481,298.452,70%,4.076,3.695,5684,820,0,786,5145,,0.00000,0.00000,0.0,0,0.0,-50,-2.0
ElBlastoTr2,2025-08-22,12:38:44.182,47.99015,-81.85087,1230.9,47.95392,-81.80873,2090.8,3,35,-24,26,0x03,28,1,18,6,-118,-111,16769.84,861.919,16791.874,66.762,71%,4.082,3.697,5685,821,0,787,5146,,0.00000,0.00000,0.0,0,0.0,-50,-2.0
ElBlastoTr2,2025-08-22,12:38:45.201,47.99015,-81.85087,1230.9,47.95402,-81.80865,2066.8,3,39,-24,30,0x03,28,2,18,5,-115,-124,16751.44,837.920,16772.285,94.200,71%,4.082,3.694,5686,822,0,788,5147,,0.00000,0.00000,0.0,0,0.0,-50,-2.0
ElBlastoTr2,2025-08-22,12:38:46.190,47.99015,-81.85087,1230.9,47.95410,-81.80856,2043.2,3,44,-23,35,0x03,28,2,19,3,-110,-120,16743.64,814.364,16763.330,167.436,71%,4.080,3.695,5687,823,0,789,5148,,0.00000,0.00000,0.0,0,0.0,-50,-2.0
ElBlastoTr2,2025-08-22,12:38:47.182,47.99015,-81.85087,1230.9,47.95420,-81.80845,2019.7,3,47,-23,38,0x03,28,1,16,7,-112,-115,16731.63,790.820,16750.207,132.904,71%,4.080,3.694,5688,824,0,790,5149,,0.00000,0.00000,0.0,0,0.0,-50,-2.0
ElBlastoTr2,2025-08-22,12:38:48.231,47.99015,-81.85087,1230.9,47.95430,-81.80832,1995.1,3,48,-25,42,0x03,28,2,14,9,-113,-115,16721.59,766.214,16739.046,118.380,71%,4.081,3.697,5689,825,0,791,5150,,0.00000,0.00000,0.0,0,0.0,-50,-2.0
ElBlastoTr2,2025-08-22,12:38:49.192,47.99015,-81.85087,1230.9,47.95441,-81.80818,1970.3,3,48,-24,47,0x03,28,3,17,5,-114,-117,16713.63,741.490,16729.984,105.456,71%,4.081,3.693,5690,826,0,792,5151,,0.00000,0.00000,0.0,0,0.0,-50,-2.0
ElBlastoTr2,2025-08-22,12:38:50.182,47.99015,-81.85087,1230.9,47.95448,-81.80803,1946.7,3,46,-23,52,0x03,28,2,19,2,-114,-117,16714.54,717.799,16729.857,105.462,71%,4.074,3.696,5691,827,0,793,5152,,0.00000,0.00000,0.0,0,0.0,-50,-2.0
ElBlastoTr2,2025-08-22,12:38:51.201,47.99015,-81.85087,1230.9,47.95456,-81.80787,1923.4,3,46,-23,56,0x03,28,3,18,2,-114,-117,16716.74,694.580,16731.077,105.475,71%,4.074,3.693,5692,828,0,794,5153,,0.00000,0.00000,0.0,0,0.0,-50,-2.0
ElBlastoTr2,2025-08-22,12:38:52.193,47.99015,-81.85087,1230.9,47.95461,-81.80770,1900.6,3,48,-22,64,0x03,28,3,17,5,-111,-116,16728.33,671.788,16741.734,149.091,74%,4.074,3.694,5693,829,0,795,5154,,0.00000,0.00000,0.0,0,0.0,-50,-2.0
ElBlastoTr2,2025-08-22,12:38:53.182,47.99015,-81.85087,1230.9,47.95466,-81.80753,1878.7,3,47,-22,69,0x03,28,2,19,4,-116,-114,16741.84,649.803,16754.362,83.908,77%,4.069,3.693,5694,830,0,796,5155,,0.00000,0.00000,0.0,0,0.0,-50,-2.0
ElBlastoTr2,2025-08-22,12:38:54.201,47.99015,-81.85087,1230.9,47.95471,-81.80734,1856.9,3,46,-21,73,0x03,28,2,19,3,-113,-117,16755.75,628.032,16767.437,118.622,78%,4.069,3.693,5695,831,0,797,5156,,0.00000,0.00000,0.0,0,0.0,-50,-2.0
ElBlastoTr2,2025-08-22,12:38:55.192,47.99015,-81.85087,1230.9,47.95474,-81.80715,1835.3,3,46,-20,75,0x03,28,3,18,4,-111,-117,16777.10,606.493,16787.988,149.526,78%,4.067,3.694,5696,832,0,798,5157,,0.00000,0.00000,0.0,0,0.0,-50,-2.0
ElBlastoTr2,2025-08-22,12:38:56.181,47.99015,-81.85087,1230.9,47.95477,-81.80698,1815.3,3,44,-19,78,0x03,28,1,21,2,-112,-115,16798.29,586.431,16808.455,133.434,80%,4.067,3.696,5697,833,0,799,5158,,0.00000,0.00000,0.0,0,0.0,-50,-2.0
ElBlastoTr2,2025-08-22,12:38:57.231,47.99015,-81.85087,1230.9,47.95479,-81.80680,1795.9,3,40,-19,80,0x03,28,1,18,6,-106,-122,16818.11,567.031,16827.593,266.549,82%,4.079,3.694,5698,834,0,800,5159,,0.00000,0.00000,0.0,0,0.0,-50,-2.0
ElBlastoTr2,2025-08-22,12:38:58.191,47.99015,-81.85087,1230.9,47.95481,-81.80664,1776.1,3,38,-19,82,0x03,28,1,17,5,-115,-111,16835.93,547.205,16844.758,94.675,82%,4.079,3.695,5699,835,0,801,5160,,0.00000,0.00000,0.0,0,0.0,-50,-2.0
ElBlastoTr2,2025-08-22,12:38:59.182,47.99015,-81.85087,1230.9,47.95481,-81.80649,1755.8,3,37,-20,84,0x03,28,1,19,5,-107,-117,16859.77,526.906,16867.933,238.151,83%,4.076,3.695,5700,836,0,802,5161,,0.00000,0.00000,0.0,0,0.0,-50,-2.0
ElBlastoTr2,2025-08-22,12:39:00.230,47.99015,-81.85087,1230.9,47.95484,-81.80634,1736.3,3,37,-19,85,0x03,28,0,17,7,-108,-113,16876.48,507.490,16884.050,212.462,84%,4.076,3.697,5701,837,0,803,5162,,0.00000,0.00000,0.0,0,0.0,-50,-2.0
ElBlastoTr2,2025-08-22,12:39:01.193,47.99015,-81.85087,1230.9,47.95484,-81.80618,1717.4,3,40,-19,83,0x03,28,2,15,6,-113,-111,16901.43,488.537,16908.432,119.653,87%,4.080,3.696,5702,838,0,804,5163,,0.00000,0.00000,0.0,0,0.0,-50,-2.0
ElBlastoTr2,2025-08-22,12:39:02.212,47.99015,-81.85087,1230.9,47.95487,-81.80601,1697.7,3,45,-20,79,0x03,28,2,17,5,-118,-115,16922.19,468.882,16928.631,67.368,90%,4.080,3.696,5703,839,0,805,5164,,0.00000,0.00000,0.0,0,0.0,-50,-2.0
ElBlastoTr2,2025-08-22,12:39:03.202,47.99015,-81.85087,1230.9,47.95489,-81.80582,1676.7,3,48,-21,78,0x03,28,3,18,4,-115,-120,16945.19,447.841,16951.054,95.290,91%,4.081,3.694,5704,840,0,806,5165,,0.00000,0.00000,0.0,0,0.0,-50,-2.0
ElBlastoTr2,2025-08-22,12:39:05.181,47.99015,-81.85087,1230.9,47.95497,-81.80541,1633.4,3,52,-20,69,0x03,28,2,16,6,-120,-123,16987.72,404.548,16992.488,53.720,87%,4.081,3.694,5706,842,0,807,5167,,0.00000,0.00000,0.0,0,0.0,-50,-2.0
ElBlastoTr2,2025-08-22,12:39:06.200,47.99015,-81.85087,1230.9,47.95502,-81.80522,1612.4,3,52,-22,63,0x03,28,2,16,5,-120,-123,17005.00,383.530,17009.275,53.775,84%,4.083,3.694,5707,843,0,808,5167,,0.00000,0.00000,0.0,0,0.0,-50,-2.0
ElBlastoTr2,2025-08-22,12:39:08.182,47.99015,-81.85087,1230.9,47.95517,-81.80487,1567.4,3,49,-22,49,0x03,28,2,18,5,-115,-128,17018.44,338.573,17021.768,95.702,78%,4.083,3.695,5709,844,0,809,5168,,0.00000,0.00000,0.0,0,0.0,-50,-2.0
ElBlastoTr2,2025-08-22,12:39:09.201,47.99015,-81.85087,1230.9,47.95525,-81.80473,1545.5,3,45,-21,39,0x03,28,2,16,5,-114,-122,17019.35,316.601,17022.254,107.385,78%,4.083,3.695,5710,845,0,810,5169,,0.00000,0.00000,0.0,0,0.0,-50,-2.0
ElBlastoTr2,2025-08-22,12:39:11.182,47.99015,-81.85087,1230.9,47.95546,-81.80458,1507.8,3,31,-19,20,0x03,27,4,16,3,-117,-120,16989.20,278.908,16991.459,75.888,72%,4.080,3.693,5712,846,0,811,5170,,0.00000,0.00000,0.0,0,0.0,-50,-2.0
ElBlastoTr2,2025-08-22,12:39:12.201,47.99015,-81.85087,1230.9,47.95551,-81.80454,1488.4,3,24,-19,14,0x03,28,2,18,5,-116,-117,16980.69,259.521,16982.639,85.105,72%,4.077,3.697,5713,847,0,812,5171,,0.00000,0.00000,0.0,0,0.0,-50,-2.0
ElBlastoTr2,2025-08-22,12:39:13.192,47.99015,-81.85087,1230.9,47.95559,-81.80453,1468.5,3,18,-18,14,0x03,28,2,17,4,-117,-119,16962.88,239.613,16964.544,75.770,72%,4.077,3.695,5714,848,0,813,5172,,0.00000,0.00000,0.0,0,0.0,-50,-2.0
