mission_time,pascals
-19.39,94812
-19.32,94814
-19.25,94815
-19.18,94814
-19.11,94819
-19.04,94815
-18.97,94816
-18.9,94816
-18.83,94817
-18.76,94816
-18.69,94818
-18.62,94813
-18.55,94814
-18.48,94815
-18.41,94809
-18.34,94815
-18.27,94814
-18.2,94813
-18.13,94811
-18.06,94815
-17.99,94813
-17.92,94809
-17.85,94810
-17.78,94807
-17.71,94814
-17.64,94814
-17.57,94813
-17.5,94813
-17.43,94813
-17.36,94810
-17.29,94806
-17.22,94806
-17.15,94811
-17.08,94814
-17.01,94811
-16.94,94809
-16.87,94811
-16.8,94816
-16.73,94810
-16.66,94815
-16.59,94813
-16.52,94814
-16.45,94819
-16.38,94816
-16.31,94812
-16.24,94811
-16.17,94812
-16.1,94811
-16.03,94817
-15.96,94814
-15.89,94813
-15.82,94809
-15.75,94814
-15.68,94809
-15.61,94811
-15.54,94813
-15.47,94814
-15.4,94814
-15.33,94815
-15.26,94814
-15.19,94815
-15.12,94815
-15.05,94811
-14.98,94814
-14.91,94813
-14.84,94815
-14.77,94818
-14.7,94815
-14.63,94807
-14.56,94809
-14.49,94806
-14.42,94806
-14.35,94812
-14.28,94810
-14.21,94808
-14.14,94809
-14.07,94810
-14.0,94811
-13.93,94813
-13.86,94809
-13.79,94813
-13.72,94809
-13.65,94815
-13.58,94811
-13.51,94814
-13.44,94815
-13.37,94817
-13.3,94813
-13.23,94816
-13.16,94815
-13.09,94814
-13.02,94819
-12.95,94813
-12.88,94817
-12.81,94812
-12.74,94811
-12.67,94813
-12.6,94812
-12.53,94813
-12.46,94814
-12.39,94808
-12.32,94804
-12.25,94813
-12.18,94814
-12.11,94811
-12.04,94805
-11.97,94806
-11.9,94809
-11.83,94806
-11.76,94801
-11.69,94805
-11.62,94809
-11.55,94799
-11.48,94804
-11.41,94805
-11.34,94806
-11.27,94804
-11.2,94802
-11.13,94804
-11.06,94807
-10.99,94812
-10.92,94808
-10.85,94806
-10.78,94810
-10.71,94811
-10.64,94805
-10.57,94806
-10.5,94805
-10.43,94806
-10.36,94807
-10.29,94807
-10.22,94807
-10.15,94807
-10.08,94808
-10.01,94809
-9.94,94813
-9.87,94813
-9.8,94804
-9.73,94808
-9.66,94806
-9.59,94806
-9.52,94810
-9.45,94805
-9.38,94810
-9.31,94806
-9.24,94808
-9.17,94806
-9.1,94806
-9.03,94811
-8.96,94808
-8.89,94808
-8.82,94808
-8.75,94817
-8.68,94813
-8.61,94808
-8.54,94811
-8.47,94808
-8.4,94810
-8.33,94816
-8.26,94808
-8.19,94808
-8.12,94809
-8.05,94811
-7.98,94811
-7.91,94810
-7.84,94810
-7.77,94815
-7.7,94814
-7.63,94807
-7.56,94813
-7.49,94813
-7.42,94814
-7.35,94815
-7.28,94807
-7.21,94812
-7.14,94812
-7.07,94812
-7.0,94813
-6.93,94812
-6.86,94813
-6.79,94812
-6.72,94811
-6.65,94814
-6.58,94808
-6.51,94812
-6.44,94816
-6.37,94814
-6.3,94812
-6.23,94811
-6.16,94813
-6.09,94815
-6.02,94812
-5.95,94813
-5.88,94810
-5.81,94812
-5.74,94813
-5.67,94816
-5.6,94815
-5.53,94814
-5.46,94810
-5.39,94813
-5.32,94813
-5.25,94808
-5.18,94809
-5.11,94809
-5.04,94817
-4.97,94813
-4.9,94815
-4.83,94812
-4.76,94810
-4.69,94815
-4.62,94813
-4.55,94810
-4.48,94813
-4.41,94806
-4.34,94813
-4.27,94807
-4.2,94810
-4.13,94812
-4.06,94808
-3.99,94806
-3.92,94813
-3.85,94811
-3.78,94810
-3.71,94807
-3.64,94813
-3.57,94809
-3.5,94809
-3.43,94810
-3.36,94802
-3.29,94804
-3.22,94814
-3.15,94804
-3.08,94807
-3.01,94812
-2.94,94813
-2.87,94806
-2.8,94812
-2.73,94810
-2.66,94810
-2.59,94813
-2.52,94810
-2.45,94814
-2.38,94810
-2.31,94814
-2.24,94812
-2.17,94808
-2.1,94812
-2.03,94813
-1.96,94814
-1.89,94810
-1.82,94801
-1.75,94804
-1.68,94803
-1.61,94807
-1.54,94804
-1.47,94807
-1.4,94808
-1.33,94808
-1.26,94809
-1.19,94810
-1.12,94809
-1.05,94807
-0.98,94804
-0.91,94802
-0.84,94809
-0.77,94808
-0.7,94804
-0.63,94808
-0.56,94804
-0.49,94808
-0.42,94804
-0.35,94808
-0.28,94811
-0.21,94809
-0.14,94815
-0.07,94820
0.0,94811
0.07,94803
0.14,94776
0.21,94739
0.28,94696
0.35,94642
0.42,94585
0.49,94514
0.56,94437
0.63,94351
0.7,94262
0.77,94152
0.84,94040
0.91,93927
0.98,93810
1.05,93694
1.12,93550
1.19,93369
1.26,93185
1.33,93036
1.4,92843
1.47,92629
1.54,92409
1.61,92249
1.68,91976
1.75,91733
1.82,91571
1.89,91270
1.96,91038
2.03,90767
2.1,90462
2.17,90135
2.24,89782
2.31,89387
2.38,89019
2.45,89298
2.52,89538
2.59,89620
2.66,89611
2.73,89546
2.8,89406
2.87,89286
2.94,89330
3.01,89547
3.08,89888
3.15,90209
3.22,90429
3.29,90495
3.36,90392
3.43,90253
3.5,90105
3.57,89932
3.64,89734
3.71,89455
3.78,89219
3.85,88980
3.92,88760
3.99,88523
4.06,88263
4.13,88005
4.2,87721
4.27,87417
4.34,87122
4.41,86840
4.48,86522
4.55,86182
4.62,85858
4.69,85393
4.76,84896
4.83,84383
4.9,83926
4.97,83459
5.04,82896
5.11,82430
5.18,81900
5.25,81328
5.32,80707
5.39,80216
5.46,79850
5.53,79516
5.6,79077
5.67,78649
5.74,78232
5.81,77768
5.88,77211
5.95,76686
6.02,76311
6.09,76037
6.16,75662
6.23,75271
6.3,74872
6.37,74452
6.44,73916
6.51,73400
6.58,73087
6.65,72867
6.72,72529
6.79,72179
6.86,71799
6.93,71341
7.0,70824
7.07,70532
7.14,70346
7.21,70042
7.28,69733
7.35,69366
7.42,68826
7.49,68471
7.56,68359
7.63,68085
7.7,67800
7.77,67399
7.84,66861
7.91,66722
7.98,66563
8.05,66300
8.12,65970
8.19,65450
8.26,65256
8.33,65140
8.4,64887
8.47,64571
8.54,64059
8.61,63915
8.68,63781
8.75,63550
8.82,63198
8.89,62752
8.96,62698
9.03,62509
9.1,62274
9.17,61838
9.24,61601
9.31,61515
9.38,61312
9.45,61000
9.52,60584
9.59,60532
9.66,60343
9.73,60117
9.8,59705
9.87,59538
9.94,59420
10.01,59228
10.08,58913
10.15,58576
10.22,58518
10.29,58339
10.36,58115
10.43,57696
10.5,57540
10.57,57445
10.64,57267
10.71,56971
10.78,56586
10.85,56536
10.92,56374
10.99,56174
11.06,55801
11.13,55517
11.2,55438
11.27,55224
11.34,54959
11.41,54496
11.48,54175
11.55,53995
11.62,53674
11.69,53303
11.76,52844
11.83,52792
11.9,52823
11.97,52665
12.04,52589
12.11,52339
12.18,52050
12.25,52106
12.32,52025
12.39,51912
12.46,51690
12.53,51328
12.6,51359
12.67,51348
12.74,51224
12.81,50974
12.88,50526
12.95,50603
13.02,50475
13.09,50303
13.16,49894
13.23,50000
13.3,50080
13.37,50015
13.44,49855
13.51,49432
13.58,49466
13.65,49593
13.72,49508
13.79,49354
13.86,48901
13.93,48916
14.0,49088
14.07,49002
14.14,48883
14.21,48472
14.28,48309
14.35,48529
14.42,48477
14.49,48392
14.56,48136
14.63,47771
14.7,47877
14.77,47977
14.84,47904
14.91,47784
14.98,47404
15.05,47197
15.12,47396
15.19,47403
15.26,47329
15.33,47190
15.4,46782
15.47,46620
15.54,46831
15.61,46838
15.68,46755
15.75,46635
15.82,46233
15.89,46031
15.96,46238
16.03,46291
16.1,46222
16.17,46119
16.24,45789
16.31,45470
16.38,45586
16.45,45768
16.52,45685
16.59,45614
16.66,45436
16.73,45008
16.8,44906
16.87,45148
16.94,45182
17.01,45114
17.08,45023
17.15,44745
17.22,44360
17.29,44386
17.36,44644
17.43,44618
17.5,44556
17.57,44462
17.64,44142
17.71,43809
17.78,43873
17.85,44110
17.92,44080
17.99,44013
18.06,43923
18.13,43648
18.2,43300
18.27,43330
18.34,43574
18.41,43570
18.48,43511
18.55,43428
18.62,43178
18.69,42843
18.76,42867
18.83,43107
18.9,43100
18.97,43058
19.04,42987
19.11,42686
19.18,42393
19.25,42503
19.32,42722
19.39,42666
19.46,42621
19.53,42522
19.6,42132
19.67,41945
19.74,42186
19.81,42265
19.88,42210
19.95,42138
20.02,41833
20.09,41532
20.16,41713
20.23,41862
20.3,41812
20.37,41760
20.44,41504
20.51,41156
20.58,41298
20.65,41508
20.72,41450
20.79,41413
20.86,41240
20.93,40844
21.0,40865
21.07,41118
21.14,41086
21.21,41056
21.28,40965
21.35,40578
21.42,40405
21.49,40666
21.56,40749
21.63,40703
21.7,40653
21.77,40440
21.84,40088
21.91,40145
21.98,40398
22.05,40370
22.12,40340
22.19,40273
22.26,39960
22.33,39703
22.4,39849
22.47,40059
22.54,40011
22.61,39983
22.68,39905
22.75,39560
22.82,39333
22.89,39508
22.96,39711
23.03,39667
23.1,39640
23.17,39575
23.24,39278
23.31,39014
23.38,39118
23.45,39353
23.52,39333
23.59,39314
23.66,39276
23.73,39089
23.8,38747
23.87,38697
23.94,38925
24.01,39028
24.08,38984
24.15,38969
24.22,38906
24.29,38644
24.36,38383
24.43,38425
24.5,38648
24.57,38685
24.64,38660
24.71,38646
24.78,38576
24.85,38309
24.92,38050
24.99,38080
25.06,38308
25.13,38376
25.2,38347
25.27,38331
25.34,38290
25.41,38099
25.48,37798
25.55,37730
25.62,37898
25.69,38065
25.76,38043
25.83,38028
25.9,38014
25.97,37945
26.04,37696
26.11,37463
26.18,37458
26.25,37636
26.32,37765
26.39,37736
26.46,37724
26.53,37714
26.6,37648
26.67,37417
26.74,37170
26.81,37126
26.88,37285
26.95,37453
27.02,37445
27.09,37433
27.16,37436
27.23,37404
27.3,37274
27.37,36990
27.44,36812
27.51,36852
27.58,37041
27.65,37179
27.72,37160
27.79,37155
27.86,37158
27.93,37123
28.0,37012
28.07,36731
28.14,36538
28.21,36541
28.28,36707
28.35,36879
28.42,36894
28.49,36883
28.56,36890
28.63,36879
28.7,36827
28.77,36646
28.84,36394
28.91,36260
28.98,36310
29.05,36485
29.12,36632
29.19,36640
29.26,36632
29.33,36644
29.4,36641
29.47,36607
29.54,36484
29.61,36246
29.68,36056
29.75,36008
29.82,36114
29.89,36289
29.96,36399
30.03,36396
30.1,36399
30.17,36413
30.24,36411
30.31,36375
30.38,36261
30.45,36023
30.52,35815
30.59,35733
30.66,35812
30.73,35990
30.8,36153
30.87,36184
30.94,36181
31.01,36196
31.08,36213
31.15,36207
31.22,36161
31.29,36029
31.36,35791
31.43,35601
31.5,35524
31.57,35595
31.64,35751
31.71,35921
31.78,35998
31.85,35997
31.92,36006
31.99,36030
32.06,36042
32.13,36026
32.2,35968
32.27,35807
32.34,35587
32.41,35407
32.48,35352
32.55,35418
32.62,35580
32.69,35749
32.76,35834
32.83,35845
32.9,35857
32.97,35882
33.04,35900
33.11,35905
33.18,35873
33.25,35789
33.32,35625
33.39,35442
33.46,35318
33.53,35285
33.6,35358
33.67,35500
33.74,35641
33.81,35725
33.88,35738
33.95,35749
34.02,35777
34.09,35798
34.16,35812
34.23,35800
34.3,35749
34.37,35640
34.44,35473
34.51,35335
34.58,35252
34.65,35266
34.72,35350
34.79,35477
34.86,35599
34.93,35665
35.0,35685
35.07,35699
35.14,35721
35.21,35753
35.28,35762
35.35,35757
35.42,35724
35.49,35639
35.56,35511
35.63,35300
35.7,35180
35.77,35172
35.84,35207
35.91,35295
35.98,35409
36.05,35519
36.12,35598
36.19,35635
36.26,35633
36.33,35635
36.4,35640
36.47,35645
36.54,35674
36.61,35723
36.68,35734
36.75,35730
36.82,35753
36.89,35787
36.96,35790
37.03,35798
37.1,35810
37.17,35775
37.24,35783
37.31,35726
37.38,35761
37.45,35817
37.52,35770
37.59,35779
37.66,35786
37.73,35767
37.8,35730
37.87,35669
37.94,35601
38.01,35528
38.08,35589
38.15,35623
38.22,35523
38.29,35426
38.36,35385
38.43,35481
38.5,35666
38.57,35794
38.64,35822
38.71,35827
38.78,35845
38.85,35853
38.92,35890
38.99,35885
39.06,35912
39.13,35941
39.2,35946
39.27,35952
39.34,35960
39.41,35967
39.48,35974
39.55,35976
39.62,35983
39.69,35985
39.76,35985
39.83,35997
39.9,36004
39.97,36007
40.04,35995
40.11,36009
40.18,36016
40.25,36022
40.32,36029
40.39,36027
40.46,36011
40.53,35989
40.6,35969
40.67,35918
40.74,35840
40.81,35742
40.88,35697
40.95,35717
41.02,35769
41.09,35837
41.16,35897
41.23,35928
41.3,35976
41.37,36029
41.44,36066
41.51,36109
41.58,36146
41.65,36171
41.72,36184
41.79,36191
41.86,36192
41.93,36205
42.0,36208
42.07,36220
42.14,36228
42.21,36236
42.28,36246
42.35,36252
42.42,36262
42.49,36275
42.56,36288
42.63,36297
42.7,36300
42.77,36304
42.84,36315
42.91,36326
42.98,36330
43.05,36331
43.12,36330
43.19,36334
43.26,36353
43.33,36371
43.4,36390
43.47,36402
43.54,36395
43.61,36389
43.68,36386
43.75,36391
43.82,36411
43.89,36412
43.96,36392
44.03,36337
44.1,36282
44.17,36231
44.24,36208
44.31,36244
44.38,36357
44.45,36466
44.52,36500
44.59,36511
44.66,36519
44.73,36523
44.8,36520
44.87,36505
44.94,36457
45.01,36438
45.08,36406
45.15,36370
45.22,36343
45.29,36322
45.36,36393
45.43,36322
45.5,36351
45.57,36470
45.64,36619
45.71,36657
45.78,36648
45.85,36629
45.92,36616
45.99,36612
46.06,36574
46.13,36488
46.2,36357
46.27,36280
46.34,36302
46.41,36390
46.48,36539
46.55,36702
46.62,36747
46.69,36753
46.76,36753
46.83,36751
46.9,36731
46.97,36631
47.04,36532
47.11,36469
47.18,36427
47.25,36414
47.32,36410
47.39,36411
47.46,36432
47.53,36501
47.6,36574
47.67,36607
47.74,36619
47.81,36648
47.88,36784
47.95,36869
48.02,36895
48.09,36918
48.16,36927
48.23,36932
48.3,36930
48.37,36937
48.44,36943
48.51,36947
48.58,36953
48.65,36965
48.72,36966
48.79,36972
48.86,36972
48.93,36984
49.0,36990
49.07,36999
49.14,36975
49.21,36912
49.28,36853
49.35,36810
49.42,36797
49.49,36800
49.56,36801
49.63,36810
49.7,36815
49.77,36841
49.84,36944
49.91,37080
49.98,37136
50.05,37153
50.12,37155
50.19,37158
50.26,37161
50.33,37165
50.4,37171
50.47,37179
50.54,37181
50.61,37181
50.68,37193
50.75,37201
50.82,37208
50.89,37197
50.96,37187
51.03,37138
51.1,37015
51.17,36891
51.24,36885
51.31,36963
51.38,37094
51.45,37230
51.52,37296
51.59,37309
51.66,37316
51.73,37323
51.8,37324
51.87,37331
51.94,37339
52.01,37339
52.08,37337
52.15,37279
52.22,37236
52.29,37218
52.36,37202
52.43,37185
52.5,37174
52.57,37214
52.64,37221
52.71,37238
52.78,37233
52.85,37227
52.92,37278
52.99,37269
53.06,37282
53.13,37310
53.2,37304
53.27,37306
53.34,37308
53.41,37296
53.48,37282
53.55,37273
53.62,37257
53.69,37245
53.76,37198
53.83,37198
53.9,37248
53.97,37376
54.04,37528
54.11,37586
54.18,37604
54.25,37610
54.32,37617
54.39,37617
54.46,37625
54.53,37634
54.6,37638
54.67,37645
54.74,37653
54.81,37658
54.88,37664
54.95,37677
55.02,37685
55.09,37691
55.16,37697
55.23,37706
55.3,37702
55.37,37694
55.44,37699
55.51,37721
55.58,37730
55.65,37747
55.72,37750
55.79,37763
55.86,37775
55.93,37779
56.0,37786
56.07,37799
56.14,37807
56.21,37816
56.28,37821
56.35,37824
56.42,37820
56.49,37766
56.56,37688
56.63,37619
56.7,37598
56.77,37610
56.84,37640
56.91,37667
56.98,37716
57.05,37779
57.12,37860
57.19,37905
57.26,37925
57.33,37928
57.4,37925
57.47,37920
57.54,37910
57.61,37907
57.68,37931
57.75,37962
57.82,37976
57.89,37981
57.96,37970
58.03,37959
58.1,37944
58.17,37918
58.24,37918
58.31,37892
58.38,37823
58.45,37732
58.52,37654
58.59,37628
58.66,37673
58.73,37741
58.8,37792
58.87,37825
58.94,37846
59.01,37883
59.08,37932
59.15,37995
59.22,38001
59.29,37968
59.36,37924
59.43,37886
59.5,37899
59.57,37968
59.64,38030
59.71,38073
59.78,38123
59.85,38086
59.92,38126
59.99,38120
60.06,38139
60.13,38156
60.2,38137
60.27,38098
60.34,38051
60.41,38010
60.48,38006
60.55,38073
60.62,38186
60.69,38290
60.76,38341
60.83,38358
60.9,38371
60.97,38379
61.04,38389
61.11,38402
61.18,38417
61.25,38417
61.32,38417
61.39,38416
61.46,38418
61.53,38407
61.6,38388
61.67,38331
61.74,38247
61.81,38131
61.88,38103
61.95,38207
62.02,38360
62.09,38473
62.16,38515
62.23,38528
62.3,38532
62.37,38538
62.44,38543
62.51,38546
62.58,38555
62.65,38557
62.72,38562
62.79,38575
62.86,38568
62.93,38565
63.0,38580
63.07,38564
63.14,38586
63.21,38605
63.28,38618
63.35,38631
63.42,38606
63.49,38574
63.56,38536
63.63,38488
63.7,38454
63.77,38437
63.84,38464
63.91,38548
63.98,38617
64.05,38641
64.12,38647
64.19,38643
64.26,38643
64.33,38630
64.4,38616
64.47,38599
64.54,38564
64.61,38539
64.68,38550
64.75,38604
64.82,38682
64.89,38752
64.96,38807
65.03,38840
65.1,38862
65.17,38882
65.24,38885
65.31,38894
65.38,38899
65.45,38908
65.52,38909
65.59,38906
65.66,38907
65.73,38916
65.8,38927
65.87,38933
65.94,38941
66.01,38949
66.08,38958
66.15,38958
66.22,38948
66.29,38935
66.36,38937
66.43,38972
66.5,38998
66.57,39017
66.64,39012
66.71,39000
66.78,38976
66.85,38967
66.92,38976
66.99,39014
67.06,39032
67.13,39037
67.2,39015
67.27,39005
67.34,39041
67.41,39083
67.48,39119
67.55,39132
67.62,39140
67.69,39148
67.76,39152
67.83,39164
67.9,39170
67.97,39180
68.04,39190
68.11,39197
68.18,39193
68.25,39198
68.32,39208
68.39,39216
68.46,39229
68.53,39233
68.6,39223
68.67,39177
68.74,39098
68.81,39006
68.88,38984
68.95,39020
69.02,39039
69.09,39038
69.16,39024
69.23,38992
69.3,38974
69.37,39015
69.44,39075
69.51,39087
69.58,39081
69.65,39082
69.72,39109
69.79,39166
69.86,39245
69.93,39284
70.0,39326
70.07,39369
70.14,39402
70.21,39428
70.28,39442
70.35,39442
70.42,39451
70.49,39453
70.56,39447
70.63,39442
70.7,39442
70.77,39469
70.84,39482
70.91,39487
70.98,39464
71.05,39440
71.12,39447
71.19,39497
71.26,39537
71.33,39558
71.4,39559
71.47,39527
71.54,39445
71.61,39367
71.68,39321
71.75,39327
71.82,39377
71.89,39406
71.96,39415
72.03,39403
72.1,39392
72.17,39401
72.24,39419
72.31,39417
72.38,39399
72.45,39403
72.52,39476
72.59,39593
72.66,39687
72.73,39742
72.8,39758
72.87,39768
72.94,39775
73.01,39780
73.08,39785
73.15,39789
73.22,39790
73.29,39794
73.36,39799
73.43,39818
73.5,39813
73.57,39781
73.64,39716
73.71,39687
73.78,39773
73.85,39824
73.92,39879
73.99,39896
74.06,39903
74.13,39910
74.2,39919
74.27,39918
74.34,39929
74.41,39934
74.48,39941
74.55,39949
74.62,39950
74.69,39950
74.76,39939
74.83,39946
74.9,39938
74.97,39920
75.04,39880
75.11,39841
75.18,39829
75.25,39874
75.32,39965
75.39,40011
75.46,40041
75.53,40050
75.6,40059
75.67,40080
75.74,40095
75.81,40112
75.88,40120
75.95,40123
76.02,40129
76.09,40145
76.16,40154
76.23,40168
76.3,40171
76.37,40172
76.44,40178
76.51,40186
76.58,40195
76.65,40207
76.72,40209
76.79,40208
76.86,40206
76.93,40214
77.0,40205
77.07,40167
77.14,40134
77.21,40113
77.28,40119
77.35,40151
77.42,40196
77.49,40253
77.56,40293
77.63,40304
77.7,40317
77.77,40325
77.84,40326
77.91,40331
77.98,40333
78.05,40330
78.12,40335
78.19,40345
78.26,40359
78.33,40366
78.4,40366
78.47,40338
78.54,40278
78.61,40210
78.68,40176
78.75,40187
78.82,40201
78.89,40237
78.96,40285
79.03,40358
79.1,40431
79.17,40488
79.24,40507
79.31,40522
79.38,40528
79.45,40539
79.52,40550
79.59,40557
79.66,40555
79.73,40557
79.8,40563
79.87,40571
79.94,40575
80.01,40591
80.08,40603
80.15,40610
80.22,40616
80.29,40621
80.36,40627
80.43,40637
80.5,40640
80.57,40654
80.64,40662
80.71,40667
80.78,40671
80.85,40674
80.92,40689
80.99,40704
81.06,40713
81.13,40716
81.2,40721
81.27,40729
81.34,40736
81.41,40737
81.48,40738
81.55,40747
81.62,40762
81.69,40763
81.76,40752
81.83,40706
81.9,40625
81.97,40542
82.04,40507
82.11,40500
82.18,40516
82.25,40549
82.32,40572
82.39,40583
82.46,40598
82.53,40622
82.6,40641
82.67,40651
82.74,40661
82.81,40644
82.88,40612
82.95,40608
83.02,40635
83.09,40664
83.16,40694
83.23,40700
83.3,40688
83.37,40680
83.44,40689
83.51,40703
83.58,40751
83.65,40805
83.72,40848
83.79,40876
83.86,40909
83.93,40947
84.0,40988
84.07,41012
84.14,41031
84.21,41050
84.28,41075
84.35,41079
84.42,41088
84.49,41100
84.56,41108
84.63,41116
84.7,41127
84.77,41138
84.84,41143
84.91,41155
84.98,41164
85.05,41168
85.12,41184
85.19,41189
85.26,41199
85.33,41205
85.4,41221
85.47,41217
85.54,41229
85.61,41237
85.68,41248
85.75,41258
85.82,41264
85.89,41277
85.96,41278
86.03,41292
86.1,41298
86.17,41308
86.24,41317
86.31,41320
86.38,41324
86.45,41330
86.52,41337
86.59,41347
86.66,41349
86.73,41354
86.8,41366
86.87,41362
86.94,41317
87.01,41256
87.08,41219
87.15,41237
87.22,41325
87.29,41413
87.36,41451
87.43,41463
87.5,41475
87.57,41484
87.64,41475
87.71,41472
87.78,41486
87.85,41455
87.92,41376
87.99,41306
88.06,41265
88.13,41248
88.2,41277
88.27,41369
88.34,41488
88.41,41576
88.48,41598
88.55,41602
88.62,41589
88.69,41586
88.76,41552
88.83,41441
88.9,41394
88.97,41396
89.04,41431
89.11,41494
89.18,41571
89.25,41637
89.32,41664
89.39,41672
89.46,41674
89.53,41667
89.6,41642
89.67,41622
89.74,41585
89.81,41550
89.88,41527
89.95,41503
90.02,41474
90.09,41479
90.16,41516
90.23,41592
90.3,41714
90.37,41773
90.44,41815
90.51,41831
90.58,41838
90.65,41846
90.72,41842
90.79,41855
90.86,41867
90.93,41874
91.0,41873
91.07,41876
91.14,41861
91.21,41824
91.28,41763
91.35,41728
91.42,41737
91.49,41765
91.56,41812
91.63,41828
91.7,41832
91.77,41842
91.84,41888
91.91,41952
91.98,41997
92.05,42012
92.12,42017
92.19,42022
92.26,42028
92.33,42035
92.4,42039
92.47,42043
92.54,42049
92.61,42037
92.68,41998
92.75,41965
92.82,41974
92.89,42010
92.96,42070
93.03,42125
93.1,42151
93.17,42162
93.24,42161
93.31,42157
93.38,42153
93.45,42154
93.52,42157
93.59,42125
93.66,42112
93.73,42131
93.8,42172
93.87,42214
93.94,42244
94.01,42260
94.08,42272
94.15,42281
94.22,42289
94.29,42286
94.36,42285
94.43,42279
94.5,42289
94.57,42257
94.64,42212
94.71,42183
94.78,42213
94.85,42266
94.92,42336
94.99,42368
95.06,42384
95.13,42385
95.2,42375
95.27,42327
95.34,42200
95.41,42145
95.48,42152
95.55,42182
95.62,42225
95.69,42267
95.76,42296
95.83,42333
95.9,42393
95.97,42456
96.04,42495
96.11,42508
96.18,42508
96.25,42496
96.32,42494
96.39,42483
96.46,42464
96.53,42432
96.6,42409
96.67,42397
96.74,42393
96.81,42398
96.88,42436
96.95,42516
97.02,42593
97.09,42617
97.16,42628
97.23,42630
97.3,42628
97.37,42632
97.44,42644
97.51,42650
97.58,42664
97.65,42661
97.72,42637
97.79,42561
97.86,42475
97.93,42507
98.0,42645
98.07,42741
98.14,42760
98.21,42757
98.28,42744
98.35,42736
98.42,42743
98.49,42741
98.56,42704
98.63,42607
98.7,42516
98.77,42527
98.84,42679
98.91,42812
98.98,42833
99.05,42832
99.12,42841
99.19,42839
99.26,42801
99.33,42709
99.4,42618
99.47,42585
99.54,42686
99.61,42834
99.68,42911
99.75,42930
99.82,42940
99.89,42946
99.96,42950
100.03,42957
100.1,42954
100.17,42957
100.24,42962
100.31,42930
100.38,42866
100.45,42815
100.52,42828
100.59,42908
100.66,43019
100.73,43048
100.8,43058
100.87,43057
100.94,43058
101.01,43035
101.08,42952
101.15,42962
101.22,43089
101.29,43120
101.36,43118
101.43,43115
101.5,43115
101.57,43110
101.64,43091
101.71,43070
101.78,43051
101.85,43035
101.92,43015
101.99,42986
102.06,42955
102.13,42924
102.2,42929
102.27,42934
102.34,42938
102.41,42955
102.48,42990
102.55,43009
102.62,43036
102.69,43027
102.76,42996
102.83,42958
102.9,42948
102.97,42955
103.04,42964
103.11,42997
103.18,43072
103.25,43157
103.32,43250
103.39,43304
103.46,43346
103.53,43381
103.6,43398
103.67,43404
103.74,43409
103.81,43403
103.88,43376
103.95,43333
104.02,43288
104.09,43258
104.16,43263
104.23,43303
104.3,43304
104.37,43328
104.44,43358
104.51,43360
104.58,43336
104.65,43346
104.72,43395
104.79,43467
104.86,43511
104.93,43528
105.0,43543
105.07,43553
105.14,43554
105.21,43562
105.28,43570
105.35,43578
105.42,43593
105.49,43609
105.56,43614
105.63,43626
105.7,43636
105.77,43643
105.84,43648
105.91,43666
105.98,43672
106.05,43682
106.12,43697
106.19,43700
106.26,43711
106.33,43719
106.4,43727
106.47,43732
106.54,43740
106.61,43750
106.68,43755
106.75,43766
106.82,43775
106.89,43789
106.96,43799
107.03,43806
107.1,43812
107.17,43817
107.24,43825
107.31,43832
107.38,43835
107.45,43837
107.52,43837
107.59,43839
107.66,43841
107.73,43859
107.8,43866
107.87,43877
107.94,43882
108.01,43884
108.08,43899
108.15,43911
108.22,43921
108.29,43908
108.36,43863
108.43,43778
108.5,43706
108.57,43662
108.64,43612
108.71,43589
108.78,43573
108.85,43572
108.92,43583
108.99,43608
109.06,43657
109.13,43717
109.2,43771
109.27,43818
109.34,43869
109.41,43947
109.48,44028
109.55,44086
109.62,44102
109.69,44115
109.76,44114
109.83,44122
109.9,44142
109.97,44153
110.04,44177
110.11,44190
110.18,44199
110.25,44201
110.32,44193
110.39,44153
110.46,44089
110.53,44065
110.6,44082
110.67,44121
110.74,44155
110.81,44171
110.88,44194
110.95,44225
111.02,44250
111.09,44271
111.16,44293
111.23,44312
111.3,44324
111.37,44337
111.44,44341
111.51,44338
111.58,44328
111.65,44316
111.72,44305
111.79,44270
111.86,44251
111.93,44243
112.0,44279
112.07,44339
112.14,44400
112.21,44422
112.28,44433
112.35,44447
112.42,44463
112.49,44474
112.56,44462
112.63,44400
112.7,44328
112.77,44290
112.84,44278
112.91,44327
112.98,44442
113.05,44518
113.12,44535
113.19,44547
113.26,44561
113.33,44581
113.4,44581
113.47,44586
113.54,44543
113.61,44397
113.68,44342
113.75,44419
113.82,44541
113.89,44619
113.96,44648
114.03,44667
114.1,44681
114.17,44680
114.24,44612
114.31,44527
114.38,44523
114.45,44588
114.52,44595
114.59,44627
114.66,44672
114.73,44716
114.8,44742
114.87,44755
114.94,44771
115.01,44779
115.08,44789
115.15,44789
115.22,44777
115.29,44735
115.36,44659
115.43,44598
115.5,44578
115.57,44590
115.64,44614
115.71,44666
115.78,44738
115.85,44834
115.92,44879
115.99,44894
116.06,44906
116.13,44920
116.2,44932
116.27,44938
116.34,44930
116.41,44826
116.48,44650
116.55,44612
116.62,44681
116.69,44774
116.76,44875
116.83,44946
116.9,44984
116.97,45001
117.04,45014
117.11,45024
117.18,45037
117.25,45047
117.32,45057
117.39,45072
117.46,45089
117.53,45108
117.6,45114
117.67,45108
117.74,45060
117.81,44961
117.88,44894
117.95,44910
118.02,44986
118.09,45115
118.16,45161
118.23,45188
118.3,45204
118.37,45186
118.44,45099
118.51,45025
118.58,45036
118.65,45135
118.72,45199
118.79,45227
118.86,45241
118.93,45254
119.0,45258
119.07,45272
119.14,45284
119.21,45285
119.28,45293
119.35,45309
119.42,45323
119.49,45333
119.56,45343
119.63,45338
119.7,45273
119.77,45137
119.84,45051
119.91,45041
119.98,45102
120.05,45240
120.12,45378
120.19,45405
120.26,45424
120.33,45437
120.4,45454
120.47,45443
120.54,45414
120.61,45393
120.68,45359
120.75,45307
120.82,45246
120.89,45245
120.96,45315
121.03,45415
121.1,45493
121.17,45521
121.24,45536
121.31,45548
121.38,45562
121.45,45568
121.52,45540
121.59,45469
121.66,45412
121.73,45383
121.8,45375
121.87,45415
121.94,45493
122.01,45585
122.08,45631
122.15,45643
122.22,45655
122.29,45666
122.36,45675
122.43,45680
122.5,45697
122.57,45714
122.64,45728
122.71,45744
122.78,45749
122.85,45752
122.92,45738
122.99,45698
123.06,45615
123.13,45559
123.2,45543
123.27,45563
123.34,45598
123.41,45622
123.48,45619
123.55,45600
123.62,45593
123.69,45615
123.76,45682
123.83,45757
123.9,45832
123.97,45855
124.04,45876
124.11,45887
124.18,45895
124.25,45909
124.32,45914
124.39,45926
124.46,45942
124.53,45945
124.6,45965
124.67,45978
124.74,45996
124.81,46005
124.88,46005
124.95,46004
125.02,45972
125.09,45930
125.16,45905
125.23,45909
125.3,45922
125.37,45941
125.44,45973
125.51,46022
125.58,46014
125.65,46015
125.72,46058
125.79,46086
125.86,46102
125.93,46106
126.0,46127
126.07,46139
126.14,46147
126.21,46158
126.28,46161
126.35,46171
126.42,46191
126.49,46196
126.56,46210
126.63,46219
126.7,46226
126.77,46234
126.84,46241
126.91,46245
126.98,46248
127.05,46258
127.12,46270
127.19,46280
127.26,46282
127.33,46290
127.4,46293
127.47,46268
127.54,46242
127.61,46191
127.68,46143
127.75,46102
127.82,46104
127.89,46157
127.96,46232
128.03,46306
128.1,46352
128.17,46373
128.24,46394
128.31,46411
128.38,46425
128.45,46439
128.52,46447
128.59,46456
128.66,46456
128.73,46452
128.8,46449
128.87,46446
128.94,46449
129.01,46459
129.08,46464
129.15,46471
129.22,46489
129.29,46507
129.36,46518
129.43,46538
129.5,46549
129.57,46562
129.64,46571
129.71,46584
129.78,46599
129.85,46616
129.92,46627
129.99,46637
130.06,46643
130.13,46649
130.2,46661
130.27,46665
130.34,46671
130.41,46675
130.48,46676
130.55,46685
130.62,46696
130.69,46708
130.76,46712
130.83,46725
130.9,46732
130.97,46733
131.04,46730
131.11,46741
131.18,46749
131.25,46749
131.32,46750
131.39,46751
131.46,46753
131.53,46754
131.6,46748
131.67,46740
131.74,46737
131.81,46762
131.88,46791
131.95,46812
132.02,46830
132.09,46845
132.16,46839
132.23,46854
132.3,46844
132.37,46856
132.44,46854
132.51,46868
132.58,46884
132.65,46900
132.72,46923
132.79,46935
132.86,46947
132.93,46958
133.0,46972
133.07,46987
133.14,47006
133.21,47018
133.28,47034
133.35,47046
133.42,47063
133.49,47079
133.56,47089
133.63,47106
133.7,47116
133.77,47134
133.84,47132
133.91,47141
133.98,47145
134.05,47146
134.12,47146
134.19,47138
134.26,47127
134.33,47124
134.4,47117
134.47,47108
134.54,47107
134.61,47117
134.68,47138
134.75,47141
134.82,47150
134.89,47146
134.96,47151
135.03,47155
135.1,47165
135.17,47178
135.24,47205
135.31,47218
135.38,47224
135.45,47238
135.52,47294
135.59,47342
135.66,47363
135.73,47375
135.8,47379
135.87,47383
135.94,47396
136.01,47394
136.08,47398
136.15,47401
136.22,47404
136.29,47407
136.36,47413
136.43,47384
136.5,47302
136.57,47243
136.64,47254
136.71,47313
136.78,47369
136.85,47398
136.92,47417
136.99,47410
137.06,47403
137.13,47414
137.2,47487
137.27,47522
137.34,47543
137.41,47554
137.48,47564
137.55,47580
137.62,47596
137.69,47616
137.76,47623
137.83,47617
137.9,47617
137.97,47612
138.04,47606
138.11,47678
138.18,47649
138.25,47614
138.32,47446
138.39,47404
138.46,47371
138.53,47362
138.6,47379
138.67,47386
138.74,47356
138.81,47307
138.88,47292
138.95,47323
139.02,47392
139.09,47474
139.16,47584
139.23,47704
139.3,47762
139.37,47788
139.44,47802
139.51,47813
139.58,47823
139.65,47836
139.72,47853
139.79,47873
139.86,47882
139.93,47890
140.0,47888
140.07,47849
140.14,47749
140.21,47656
140.28,47632
140.35,47676
140.42,47762
140.49,47848
140.56,47905
140.63,47931
140.7,47945
140.77,47959
140.84,47973
140.91,47985
140.98,47998
141.05,48008
141.12,48016
141.19,48034
141.26,48046
141.33,48050
141.4,48069
141.47,48062
141.54,48080
141.61,48064
141.68,48073
141.75,48072
141.82,48063
141.89,48038
141.96,47995
142.03,47942
142.1,47893
142.17,47885
142.24,47904
142.31,47929
142.38,47976
142.45,48038
142.52,48107
142.59,48161
142.66,48193
142.73,48203
142.8,48214
142.87,48223
142.94,48229
143.01,48238
143.08,48255
143.15,48275
143.22,48292
143.29,48299
143.36,48242
143.43,48142
143.5,48056
143.57,47991
143.64,47945
143.71,47931
143.78,47967
143.85,48015
143.92,48054
143.99,48101
144.06,48150
144.13,48210
144.2,48284
144.27,48357
144.34,48397
144.41,48410
144.48,48423
144.55,48436
144.62,48446
144.69,48464
144.76,48470
144.83,48486
144.9,48491
144.97,48497
145.04,48496
145.11,48480
145.18,48464
145.25,48463
145.32,48471
145.39,48485
145.46,48443
145.53,48357
145.6,48271
145.67,48195
145.74,48143
145.81,48108
145.88,48111
145.95,48175
146.02,48277
146.09,48388
146.16,48469
146.23,48523
146.3,48549
146.37,48561
146.44,48576
146.51,48594
146.58,48621
146.65,48643
146.72,48661
146.79,48697
146.86,48714
146.93,48718
147.0,48734
147.07,48752
147.14,48772
147.21,48778
147.28,48745
147.35,48668
147.42,48570
147.49,48469
147.56,48399
147.63,48367
147.7,48426
147.77,48535
147.84,48644
147.91,48740
147.98,48817
148.05,48853
148.12,48872
148.19,48890
148.26,48904
148.33,48920
148.4,48932
148.47,48939
148.54,48949
148.61,48961
148.68,48966
148.75,48976
148.82,48987
148.89,48983
148.96,48918
149.03,48820
149.1,48739
149.17,48703
149.24,48697
149.31,48699
149.38,48701
149.45,48708
149.52,48720
149.59,48734
149.66,48768
149.73,48855
149.8,48953
149.87,49057
149.94,49093
150.01,49106
150.08,49116
150.15,49132
150.22,49142
150.29,49158
150.36,49164
150.43,49175
150.5,49196
150.57,49215
150.64,49224
150.71,49233
150.78,49229
150.85,49208
150.92,49138
150.99,49055
151.06,49007
151.13,48998
151.2,48987
151.27,48973
151.34,48943
151.41,48930
151.48,48975
151.55,49106
151.62,49250
151.69,49307
151.76,49323
151.83,49336
151.9,49354
151.97,49360
152.04,49376
152.11,49389
152.18,49402
152.25,49409
152.32,49415
152.39,49422
152.46,49434
152.53,49447
152.6,49458
152.67,49470
152.74,49478
152.81,49496
152.88,49502
152.95,49517
153.02,49519
153.09,49522
153.16,49530
153.23,49538
153.3,49550
153.37,49560
153.44,49563
153.51,49559
153.58,49553
153.65,49555
153.72,49559
153.79,49579
153.86,49573
153.93,49596
154.0,49584
154.07,49567
154.14,49565
154.21,49552
154.28,49532
154.35,49568
154.42,49665
154.49,49651
154.56,49691
154.63,49702
154.7,49709
154.77,49714
154.84,49728
154.91,49739
154.98,49747
155.05,49749
155.12,49761
155.19,49766
155.26,49776
155.33,49773
155.4,49770
155.47,49770
155.54,49766
155.61,49756
155.68,49739
155.75,49718
155.82,49697
155.89,49659
155.96,49630
156.03,49617
156.1,49606
156.17,49575
156.24,49546
156.31,49516
156.38,49499
156.45,49493
156.52,49486
156.59,49496
156.66,49507
156.73,49531
156.8,49558
156.87,49589
156.94,49589
157.01,49588
157.08,49606
157.15,49618
157.22,49641
157.29,49638
157.36,49621
157.43,49598
157.5,49584
157.57,49740
157.64,49706
157.71,49838
157.78,49900
157.85,49942
157.92,49988
157.99,49968
158.06,49975
158.13,50026
158.2,50074
158.27,50085
158.34,50088
158.41,50086
158.48,50089
158.55,50111
158.62,50157
158.69,50192
158.76,50205
158.83,50221
158.9,50233
158.97,50250
159.04,50258
159.11,50267
159.18,50273
159.25,50272
159.32,50284
159.39,50293
159.46,50301
159.53,50315
159.6,50324
159.67,50311
159.74,50260
159.81,50188
159.88,50090
159.95,49976
160.02,49867
160.09,49846
160.16,49856
160.23,49886
160.3,49905
160.37,49918
160.44,49941
160.51,50014
160.58,50112
160.65,50190
160.72,50254
160.79,50307
160.86,50353
160.93,50395
161.0,50439
161.07,50481
161.14,50504
161.21,50523
161.28,50538
161.35,50548
161.42,50557
161.49,50568
161.56,50572
161.63,50585
161.7,50589
161.77,50601
161.84,50607
161.91,50616
161.98,50620
162.05,50617
162.12,50620
162.19,50632
162.26,50634
162.33,50645
162.4,50659
162.47,50675
162.54,50688
162.61,50701
162.68,50710
162.75,50710
162.82,50712
162.89,50706
162.96,50674
163.03,50609
163.1,50561
163.17,50534
163.24,50484
163.31,50430
163.38,50404
163.45,50427
163.52,50457
163.59,50503
163.66,50552
163.73,50574
163.8,50584
163.87,50568
163.94,50579
164.01,50596
164.08,50617
164.15,50656
164.22,50716
164.29,50784
164.36,50840
164.43,50876
164.5,50887
164.57,50891
164.64,50909
164.71,50929
164.78,50948
164.85,50966
164.92,50969
164.99,50985
165.06,50981
165.13,50969
165.2,50966
165.27,50959
165.34,50954
165.41,50971
165.48,51000
165.55,51065
165.62,50988
165.69,50917
165.76,50842
165.83,50837
165.9,50785
165.97,50806
166.04,50853
166.11,50926
166.18,50989
166.25,51031
166.32,51067
166.39,51097
166.46,51135
166.53,51170
166.6,51208
166.67,51228
166.74,51245
166.81,51264
166.88,51280
166.95,51287
167.02,51302
167.09,51298
167.16,51294
167.23,51233
167.3,51140
167.37,51053
167.44,50976
167.51,50915
167.58,50871
167.65,50856
167.72,50874
167.79,50934
167.86,51020
167.93,51153
168.0,51293
168.07,51382
168.14,51421
168.21,51443
168.28,51463
168.35,51475
168.42,51488
168.49,51493
168.56,51500
168.63,51503
168.7,51505
168.77,51487
168.84,51442
168.91,51362
168.98,51253
169.05,51146
169.12,51057
169.19,51036
169.26,51083
169.33,51185
169.4,51370
169.47,51415
169.54,51496
169.61,51545
169.68,51573
169.75,51595
169.82,51600
169.89,51612
169.96,51626
170.03,51637
170.1,51650
170.17,51655
170.24,51670
170.31,51688
170.38,51707
170.45,51707
170.52,51721
170.59,51733
170.66,51759
170.73,51771
170.8,51763
170.87,51642
170.94,51430
171.01,51298
171.08,51274
171.15,51319
171.22,51408
171.29,51518
171.36,51640
171.43,51778
171.5,51852
171.57,51880
171.64,51899
171.71,51915
171.78,51919
171.85,51858
171.92,51659
171.99,51546
172.06,51546
172.13,51582
172.2,51640
172.27,51708
172.34,51783
172.41,51851
172.48,51928
172.55,51967
172.62,51990
172.69,52005
172.76,52011
172.83,52019
172.9,52031
172.97,52053
173.04,52073
173.11,52090
173.18,52103
173.25,52121
173.32,52121
173.39,52119
173.46,52084
173.53,52037
173.6,52006
173.67,51990
173.74,52009
173.81,52031
173.88,52043
173.95,52019
174.02,49904
174.09,49840
174.16,49819
174.23,49827
174.3,49864
174.37,49914
174.44,49947
174.51,49979
174.58,50030
174.65,52148
174.72,52221
174.79,52282
174.86,52312
174.93,52331
175.0,52334
175.07,52346
175.14,52364
175.21,52375
175.28,52384
175.35,52393
175.42,52408
175.49,52411
175.56,52420
175.63,52434
175.7,50385
175.77,50393
175.84,50402
175.91,50410
175.98,50424
176.05,50424
176.12,50436
176.19,50440
176.26,50447
176.33,50449
176.4,50461
176.47,50471
176.54,50489
176.61,50500
176.68,50509
176.75,50518
176.82,50523
176.89,50522
176.96,50537
177.03,50538
177.1,50543
177.17,50558
177.24,50567
177.31,50583
177.38,50593
177.45,50609
177.52,50618
177.59,50633
177.66,50649
177.73,50654
177.8,50626
177.87,50558
177.94,50488
178.01,50457
178.08,50449
178.15,50460
178.22,50481
178.29,50508
178.36,50508
178.43,50488
178.5,50438
178.57,50387
178.64,50371
178.71,50377
178.78,50404
178.85,50454
178.92,50496
178.99,50536
179.06,50548
179.13,50546
179.2,50533
179.27,50529
179.34,50532
179.41,50560
179.48,50601
179.55,50664
179.62,50748
179.69,50827
179.76,50876
179.83,50901
179.9,50913
179.97,50917
180.04,50917
180.11,50925
180.18,50936
180.25,50949
180.32,50957
180.39,50975
180.46,50993
180.53,51002
180.6,51013
180.67,51016
180.74,51025
180.81,51034
180.88,51041
180.95,51049
181.02,51063
181.09,51084
181.16,51098
181.23,51112
181.3,51124
181.37,51135
181.44,51137
181.51,51126
181.58,51081
181.65,50998
181.72,50915
181.79,50852
181.86,50826
181.93,50830
182.0,50848
182.07,50865
182.14,50885
182.21,50910
182.28,50948
182.35,50981
182.42,51017
182.49,51047
182.56,51075
182.63,51124
182.7,51165
182.77,51209
182.84,51238
182.91,51259
182.98,51277
183.05,51293
183.12,51320
183.19,51349
183.26,51367
183.33,51383
183.4,51395
183.47,51407
183.54,51421
183.61,51428
183.68,51440
183.75,51434
183.82,51434
183.89,51414
183.96,51378
184.03,51288
184.1,51234
184.17,51214
184.24,51227
184.31,51253
184.38,51271
184.45,51289
184.52,51311
184.59,51343
184.66,51377
184.73,51401
184.8,51417
184.87,51415
184.94,51401
185.01,51389
185.08,51376
185.15,51378
185.22,51387
185.29,51395
185.36,51381
185.43,51378
185.5,51405
185.57,51430
185.64,51451
185.71,51475
185.78,51494
185.85,51514
185.92,51514
185.99,51496
186.06,51478
186.13,51500
186.2,51543
186.27,51584
186.34,51593
186.41,51593
186.48,51553
186.55,51515
186.62,51519
186.69,51565
186.76,51634
186.83,51673
186.9,51686
186.97,51714
187.04,51798
187.11,51790
187.18,51824
187.25,51856
187.32,51877
187.39,51909
187.46,51932
187.53,51948
187.6,51961
187.67,51963
187.74,51963
187.81,51965
187.88,51978
187.95,52001
188.02,52009
188.09,52023
188.16,52030
188.23,52038
188.3,52050
188.37,52055
188.44,52062
188.51,52067
188.58,52073
188.65,52077
188.72,52084
188.79,52094
188.86,52114
188.93,52130
189.0,52137
189.07,52146
189.14,52158
189.21,52171
189.28,52181
189.35,52189
189.42,52198
189.49,52205
189.56,52214
189.63,52228
189.7,52231
189.77,52234
189.84,52230
189.91,52226
189.98,52215
190.05,52213
190.12,52211
190.19,52193
190.26,52146
190.33,52095
190.4,52048
190.47,52021
190.54,52037
190.61,52078
190.68,52156
190.75,52265
190.82,52345
190.89,52374
190.96,52400
191.03,52415
191.1,52428
191.17,52438
191.24,52434
191.31,52377
191.38,52237
191.45,52163
191.52,52173
191.59,52262
191.66,52408
191.73,52487
191.8,52513
191.87,52530
191.94,52528
192.01,52468
192.08,52418
192.15,52432
192.22,52496
192.29,52546
192.36,52571
192.43,52590
192.5,52615
192.57,52630
192.64,52619
192.71,55232
192.78,55148
192.85,55084
192.92,55062
192.99,55053
193.06,55053
193.13,55078
193.2,55121
193.27,55156
193.34,55194
193.41,55228
193.48,55274
193.55,55323
193.62,55382
193.69,55431
193.76,55443
193.83,55457
193.9,55478
193.97,55498
194.04,55500
194.11,55451
194.18,55349
194.25,55309
194.32,55342
194.39,55403
194.46,55477
194.53,55527
194.6,55549
194.67,55565
194.74,55578
194.81,55592
194.88,55589
194.95,55546
195.02,55453
195.09,55390
195.16,55382
195.23,55468
195.3,55624
195.37,55657
195.44,55680
195.51,55695
195.58,55701
195.65,55651
195.72,55518
195.79,55448
195.86,55513
195.93,55623
196.0,55708
196.07,55737
196.14,55767
196.21,55781
196.28,55799
196.35,55809
196.42,55815
196.49,55820
196.56,55834
196.63,55821
196.7,55752
196.77,55650
196.84,55586
196.91,55570
196.98,55595
197.05,55628
197.12,55665
197.19,55712
197.26,55755
197.33,55802
197.4,55840
197.47,55882
197.54,55905
197.61,55926
197.68,55945
197.75,55961
197.82,55968
197.89,55978
197.96,55996
198.03,56012
198.1,56027
198.17,56050
198.24,56070
198.31,56075
198.38,56084
198.45,56083
198.52,56059
198.59,55992
198.66,55959
198.73,56028
198.8,56049
198.87,56100
198.94,56120
199.01,56140
199.08,56158
199.15,56165
199.22,56176
199.29,56194
199.36,56218
199.43,56223
199.5,56238
199.57,56251
199.64,56255
199.71,56262
199.78,56264
199.85,56269
199.92,56280
199.99,56286
200.06,56296
200.13,56296
200.2,56290
200.27,56268
200.34,56236
200.41,56203
200.48,56183
200.55,56175
200.62,56169
200.69,56159
200.76,56159
200.83,56163
200.9,56175
200.97,56189
201.04,56218
201.11,56253
201.18,56280
201.25,56290
201.32,56309
201.39,56333
201.46,56376
201.53,56398
201.6,56421
201.67,56434
201.74,56440
201.81,56440
201.88,56440
201.95,56463
202.02,56496
202.09,56528
202.16,56559
202.23,56587
202.3,56598
202.37,56618
202.44,56633
202.51,56642
202.58,56649
202.65,56655
202.72,56648
202.79,56642
202.86,56628
202.93,56619
203.0,56590
203.07,56552
203.14,56515
203.21,56501
203.28,56500
203.35,56525
203.42,56555
203.49,56583
203.56,56617
203.63,56644
203.7,56669
203.77,56684
203.84,56694
203.91,56702
203.98,56717
204.05,56720
204.12,56720
204.19,56725
204.26,56715
204.33,56715
204.4,56708
204.47,56734
204.54,56753
204.61,56784
204.68,56811
204.75,56832
204.82,56852
204.89,56857
204.96,56855
205.03,56852
205.1,56833
205.17,56814
205.24,56808
205.31,56834
205.38,56894
205.45,56983
205.52,57053
205.59,57083
205.66,57100
205.73,57103
205.8,57102
205.87,57088
205.94,57090
206.01,57061
206.08,57006
206.15,56956
206.22,56950
206.29,56980
206.36,57021
206.43,57059
206.5,57113
206.57,57180
206.64,57231
206.71,57238
206.78,57240
206.85,57243
206.92,57248
206.99,57240
207.06,57219
207.13,57193
207.2,57173
207.27,57150
207.34,57157
207.41,57217
207.48,57306
207.55,57349
207.62,57371
207.69,57377
207.76,57378
207.83,57384
207.9,57376
207.97,57369
208.04,57355
208.11,57332
208.18,57311
208.25,57281
208.32,57264
208.39,57263
208.46,57264
208.53,57303
208.6,57358
208.67,57430
208.74,57493
208.81,57528
208.88,57546
208.95,57558
209.02,57559
209.09,57559
209.16,57563
209.23,57567
209.3,57571
209.37,57578
209.44,57599
209.51,57609
209.58,57615
209.65,57618
209.72,57605
209.79,57568
209.86,57552
209.93,57557
210.0,57559
210.07,57563
210.14,57551
210.21,57540
210.28,57538
210.35,57532
210.42,57525
210.49,57537
210.56,57575
210.63,57659
210.7,57737
210.77,57787
210.84,57821
210.91,57834
210.98,57834
211.05,57839
211.12,57846
211.19,57861
211.26,57861
211.33,57871
211.4,57877
211.47,57888
211.54,57901
211.61,57909
211.68,57917
211.75,57921
211.82,57934
211.89,57944
211.96,57953
212.03,57959
212.1,57970
212.17,57974
212.24,57977
212.31,57986
212.38,58002
212.45,58007
212.52,58015
212.59,58030
212.66,58031
212.73,58036
212.8,58042
212.87,58050
212.94,58062
213.01,58068
213.08,58081
213.15,58088
213.22,58101
213.29,58101
213.36,58117
213.43,58126
213.5,58134
213.57,58143
213.64,58146
213.71,58123
213.78,58123
213.85,58150
213.92,58182
213.99,58200
214.06,58218
214.13,58234
214.2,58242
214.27,58253
214.34,58269
214.41,58281
214.48,58299
214.55,58309
214.62,58323
214.69,58326
214.76,58334
214.83,58343
214.9,58336
214.97,58317
215.04,58276
215.11,58226
215.18,58171
215.25,58127
215.32,58101
215.39,58114
215.46,58151
215.53,58203
215.6,58261
215.67,58328
215.74,58387
215.81,58428
215.88,58451
215.95,58465
216.02,58488
216.09,58490
216.16,58503
216.23,58509
216.3,58518
216.37,58530
216.44,58542
216.51,58551
216.58,58565
216.65,58580
216.72,58588
216.79,58601
216.86,58592
216.93,58571
217.0,58546
217.07,58523
217.14,58511
217.21,58495
217.28,58488
217.35,58487
217.42,58501
217.49,58528
217.56,58557
217.63,58584
217.7,58612
217.77,58642
217.84,58687
217.91,58732
217.98,58753
218.05,58770
218.12,58783
218.19,58796
218.26,58807
218.33,58821
218.4,58837
218.47,58851
218.54,58867
218.61,58876
218.68,58884
218.75,58890
218.82,58898
218.89,58903
218.96,58915
219.03,58918
219.1,58930
219.17,58939
219.24,58945
219.31,58949
219.38,58952
219.45,58963
219.52,58975
219.59,58982
219.66,58998
219.73,59012
219.8,59015
219.87,59027
219.94,59033
220.01,59044
220.08,59049
220.15,59059
220.22,59068
220.29,59075
220.36,59082
220.43,59092
220.5,59100
220.57,59107
220.64,59115
220.71,59121
220.78,59124
220.85,59132
220.92,59133
220.99,59144
221.06,59145
221.13,59138
221.2,59137
221.27,59133
221.34,59136
221.41,59145
221.48,59165
221.55,59189
221.62,59226
221.69,59259
221.76,59284
221.83,59300
221.9,59317
221.97,59326
222.04,59333
222.11,59339
222.18,59338
222.25,59328
222.32,59315
222.39,59287
222.46,59224
222.53,59140
222.6,59087
222.67,59034
222.74,59020
222.81,59033
222.88,59115
222.95,59232
223.02,59349
223.09,59428
223.16,59463
223.23,59459
223.3,59462
223.37,59471
223.44,59486
223.51,59503
223.58,59508
223.65,59512
223.72,59511
223.79,59499
223.86,59478
223.93,59448
224.0,59405
224.07,59359
224.14,59321
224.21,59293
224.28,59325
224.35,59392
224.42,59478
224.49,59559
224.56,59609
224.63,59640
224.7,59655
224.77,59669
224.84,59673
224.91,59680
224.98,59678
225.05,59687
225.12,59680
225.19,59678
225.26,59663
225.33,59645
225.4,59623
225.47,59588
225.54,59537
225.61,59494
225.68,59470
225.75,59459
225.82,59501
225.89,59558
225.96,59627
226.03,59705
226.1,59771
226.17,59818
226.24,59846
226.31,59865
226.38,59880
226.45,59888
226.52,59898
226.59,59909
226.66,59921
226.73,59926
226.8,59942
226.87,59949
226.94,59953
227.01,59971
227.08,59981
227.15,59993
227.22,59994
227.29,60001
227.36,60008
227.43,60011
227.5,60020
227.57,60028
227.64,60034
227.71,60048
227.78,60053
227.85,60055
227.92,60070
227.99,60080
228.06,60087
228.13,60096
228.2,60108
228.27,60114
228.34,60128
228.41,60127
228.48,60134
228.55,60138
228.62,60145
228.69,60146
228.76,60158
228.83,60171
228.9,60180
228.97,60190
229.04,60203
229.11,60214
229.18,60227
229.25,60239
229.32,60253
229.39,60253
229.46,60261
229.53,60250
229.6,60203
229.67,60152
229.74,60096
229.81,60051
229.88,60030
229.95,60049
230.02,60071
230.09,60093
230.16,60108
230.23,60138
230.3,60189
230.37,60243
230.44,60301
230.51,60328
230.58,60331
230.65,60338
230.72,60349
230.79,60356
230.86,60364
230.93,60334
231.0,60309
231.07,60282
231.14,60271
231.21,60253
231.28,60240
231.35,60256
231.42,60286
231.49,60327
231.56,60345
231.63,60373
231.7,60406
231.77,60453
231.84,60494
231.91,60513
231.98,60515
232.05,60513
232.12,60520
232.19,60582
232.26,60645
232.33,60690
232.4,60713
232.47,60728
232.54,60736
232.61,60743
232.68,60759
232.75,60775
232.82,60787
232.89,60796
232.96,60803
233.03,60813
233.1,60828
233.17,60834
233.24,60846
233.31,60850
233.38,60850
233.45,60845
233.52,60849
233.59,60874
233.66,60886
233.73,60900
233.8,60920
233.87,60934
233.94,60939
234.01,60949
234.08,60957
234.15,60968
234.22,60976
234.29,60984
234.36,60992
234.43,60998
234.5,61000
234.57,61011
234.64,61033
234.71,61046
234.78,61061
234.85,61061
234.92,61076
234.99,61081
235.06,61084
235.13,61073
235.2,61036
235.27,60996
235.34,60995
235.41,61028
235.48,61050
235.55,61050
235.62,61019
235.69,60995
235.76,61021
235.83,61070
235.9,61095
235.97,61107
236.04,61086
236.11,61040
236.18,60998
236.25,60962
236.32,60928
236.39,60881
236.46,60915
236.53,61044
236.6,61230
236.67,61295
236.74,61321
236.81,61339
236.88,61346
236.95,61346
237.02,61346
237.09,61324
237.16,61280
237.23,61202
237.3,61111
237.37,60999
237.44,60982
237.51,61108
237.58,61292
237.65,61421
237.72,61446
237.79,61462
237.86,61480
237.93,61493
238.0,61496
238.07,61452
238.14,61355
238.21,61236
238.28,61153
238.35,61139
238.42,61184
238.49,61263
238.56,61327
238.63,61359
238.7,61375
238.77,61407
238.84,61458
238.91,61526
238.98,61592
239.05,61623
239.12,61649
239.19,61661
239.26,61665
239.33,61673
239.4,61684
239.47,61689
239.54,61703
239.61,61709
239.68,61718
239.75,61721
239.82,61728
239.89,61721
239.96,61714
240.03,61717
240.1,61715
240.17,61703
240.24,61668
240.31,61630
240.38,61608
240.45,61621
240.52,61665
240.59,61721
240.66,61749
240.73,61728
240.8,61696
240.87,61662
240.94,61717
241.01,61659
241.08,61693
241.15,61725
241.22,61756
241.29,61778
241.36,61801
241.43,61830
241.5,61859
241.57,61896
241.64,61948
241.71,61981
241.78,61998
241.85,62018
241.92,62038
241.99,62059
242.06,62073
242.13,62064
242.2,62078
242.27,62086
242.34,62093
242.41,62105
242.48,62120
242.55,62134
242.62,62156
242.69,62164
242.76,62181
242.83,62184
242.9,62168
242.97,62100
243.04,62012
243.11,61934
243.18,61878
243.25,61886
243.32,61967
243.39,62078
243.46,62187
243.53,62249
243.6,62278
243.67,62301
243.74,62317
243.81,62325
243.88,62328
243.95,62292
244.02,62206
244.09,62126
244.16,62076
244.23,62073
244.3,62099
244.37,62138
244.44,62188
244.51,62250
244.58,62328
244.65,62396
244.72,62432
244.79,62449
244.86,62468
244.93,62474
245.0,62490
245.07,62511
245.14,62525
245.21,62530
245.28,62519
245.35,62482
245.42,62424
245.49,62371
245.56,62305
245.63,62255
245.7,62261
245.77,62228
245.84,62233
245.91,62243
245.98,62261
246.05,62346
246.12,62459
246.19,62596
246.26,62652
246.33,62671
246.4,62687
246.47,62695
246.54,62705
246.61,62717
246.68,62728
246.75,62739
246.82,62759
246.89,62768
246.96,62784
247.03,62794
247.1,62798
247.17,62807
247.24,62813
247.31,62826
247.38,62837
247.45,62840
247.52,62843
247.59,62843
247.66,62824
247.73,62771
247.8,62680
247.87,62580
247.94,62498
248.01,62453
248.08,62442
248.15,62448
248.22,62465
248.29,62488
248.36,62502
248.43,62537
248.5,62593
248.57,62652
248.64,62684
248.71,62667
248.78,62623
248.85,62556
248.92,62523
248.99,62513
249.06,62521
249.13,62563
249.2,62618
249.27,62676
249.34,62733
249.41,62782
249.48,62832
249.55,62875
249.62,62918
249.69,62951
249.76,62971
249.83,62984
249.9,62993
249.97,63015
250.04,63070
250.11,63134
250.18,63168
250.25,63201
250.32,63227
250.39,63228
250.46,63224
250.53,63221
250.6,63243
250.67,63276
250.74,63295
250.81,63315
250.88,63334
250.95,63346
251.02,63357
251.09,63373
251.16,63377
251.23,63380
251.3,63395
251.37,63403
251.44,63405
251.51,63389
251.58,63332
251.65,63251
251.72,63168
251.79,63101
251.86,63059
251.93,63048
252.0,63058
252.07,63103
252.14,63173
252.21,63243
252.28,63309
252.35,63376
252.42,63455
252.49,63515
252.56,63550
252.63,63574
252.7,63586
252.77,63606
252.84,63615
252.91,63633
252.98,63644
253.05,63648
253.12,63659
253.19,63669
253.26,63674
253.33,63683
253.4,63696
253.47,63709
253.54,63721
253.61,63726
253.68,63733
253.75,63751
253.82,63763
253.89,63770
253.96,63781
254.03,63787
254.1,63788
254.17,63794
254.24,63802
254.31,63807
254.38,63815
254.45,63828
254.52,63840
254.59,63851
254.66,63864
254.73,63875
254.8,63889
254.87,63896
254.94,63907
255.01,63920
255.08,63926
255.15,63934
255.22,63940
255.29,63940
255.36,63942
255.43,63931
255.5,63917
255.57,63888
255.64,63815
255.71,63744
255.78,63669
255.85,63623
255.92,63648
255.99,63743
256.06,63890
256.13,64019
256.2,64090
256.27,64113
256.34,64121
256.41,64134
256.48,64145
256.55,64150
256.62,64158
256.69,64167
256.76,64167
256.83,64178
256.9,64175
256.97,64133
257.04,64020
257.11,63958
257.18,63976
257.25,64017
257.32,64053
257.39,64073
257.46,64065
257.53,64055
257.6,64053
257.67,64113
257.74,64183
257.81,64195
257.88,64278
257.95,64315
258.02,64350
258.09,64369
258.16,64384
258.23,64392
258.3,64398
258.37,64401
258.44,64403
258.51,64409
258.58,64393
258.65,64290
258.72,64234
258.79,64221
258.86,64288
258.93,64295
259.0,64411
259.07,64482
259.14,64512
259.21,64528
259.28,64536
259.35,64545
259.42,64546
259.49,64562
259.56,64568
259.63,64563
259.7,64557
259.77,64565
259.84,64577
259.91,64590
259.98,64596
260.05,64612
260.12,64621
260.19,64623
260.26,64623
260.33,64627
260.4,64621
260.47,64606
260.54,64584
260.61,64562
260.68,64544
260.75,64532
260.82,64517
260.89,64499
260.96,64468
261.03,64423
261.1,64420
261.17,64490
261.24,64640
261.31,64789
261.38,64825
261.45,64830
261.52,64828
261.59,64824
261.66,64826
261.73,64830
261.8,64838
261.87,64843
261.94,64789
262.01,64690
262.08,64584
262.15,64580
262.22,64755
262.29,64896
262.36,64955
262.43,64970
262.5,64971
262.57,64973
262.64,64971
262.71,64980
262.78,64990
262.85,65000
262.92,64961
262.99,64774
263.06,64584
263.13,64551
263.2,64621
263.27,64711
263.34,64790
263.41,64836
263.48,64855
263.55,64882
263.62,64984
263.69,64996
263.76,65081
263.83,65142
263.9,65162
263.97,65184
264.04,65194
264.11,65198
264.18,65196
264.25,65205
264.32,65207
264.39,65218
264.46,65221
264.53,65221
264.6,65155
264.67,65046
264.74,65080
264.81,65053
264.88,65198
264.95,65309
265.02,65328
265.09,65326
265.16,65334
265.23,65343
265.3,65334
265.37,65314
265.44,65134
265.51,64982
265.58,65028
265.65,65253
265.72,65408
265.79,65431
265.86,65433
265.93,65433
266.0,65401
266.07,65231
266.14,65057
266.21,64974
266.28,64946
266.35,64974
266.42,65061
266.49,65209
266.56,65353
266.63,65451
266.7,65515
266.77,65543
266.84,65556
266.91,65558
266.98,65599
267.05,65617
267.12,65632
267.19,65646
267.26,65647
267.33,65668
267.4,65671
267.47,65685
267.54,65688
267.61,65696
267.68,65700
267.75,65709
267.82,65721
267.89,65738
267.96,65747
268.03,65748
268.1,65754
268.17,65762
268.24,65766
268.31,65757
268.38,65677
268.45,65548
268.52,65465
268.59,65419
268.66,65452
268.73,65556
268.8,65690
268.87,65808
268.94,65869
269.01,65887
269.08,65902
269.15,65906
269.22,65914
269.29,65919
269.36,65926
269.43,65936
269.5,65939
269.57,65946
269.64,65939
269.71,65903
269.78,65823
269.85,65770
269.92,65790
269.99,65808
270.06,65832
270.13,65857
270.2,65874
270.27,65864
270.34,65851
270.41,65818
270.48,65821
270.55,65818
270.62,65811
270.69,65807
270.76,65787
270.83,65770
270.9,65814
270.97,65917
271.04,66015
271.11,66103
271.18,66155
271.25,66169
271.32,66194
271.39,66202
271.46,66218
271.53,66232
271.6,66245
271.67,66259
271.74,66268
271.81,66282
271.88,66291
271.95,66304
272.02,66308
272.09,66309
272.16,66301
272.23,66265
272.3,66236
272.37,66241
272.44,66267
272.51,66307
272.58,66354
272.65,66386
272.72,66401
272.79,66411
272.86,66422
272.93,66431
273.0,66437
273.07,66424
273.14,66328
273.21,66273
273.28,66275
273.35,66316
273.42,66340
273.49,66360
273.56,66344
273.63,66276
273.7,66234
273.77,66236
273.84,66269
273.91,66325
273.98,66384
274.05,66448
274.12,66517
274.19,66561
274.26,66593
274.33,66617
274.4,66628
274.47,66634
274.54,66648
274.61,66660
274.68,66669
274.75,66676
274.82,66636
274.89,66560
274.96,66524
275.03,66545
275.1,66571
275.17,66585
275.24,66546
275.31,66476
275.38,66423
275.45,66393
275.52,66380
275.59,66387
275.66,66465
275.73,66586
275.8,66705
275.87,66788
275.94,66824
276.01,66856
276.08,66866
276.15,66882
276.22,66898
276.29,66914
276.36,66930
276.43,66939
276.5,66952
276.57,66962
276.64,66963
276.71,66959
276.78,66929
276.85,66894
276.92,66858
276.99,66820
277.06,66766
277.13,66711
277.2,66622
277.27,66541
277.34,66507
277.41,66536
277.48,66617
277.55,66714
277.62,66783
277.69,66836
277.76,66924
277.83,67014
277.9,67080
277.97,67117
278.04,67135
278.11,67156
278.18,67177
278.25,67190
278.32,67203
278.39,67214
278.46,67220
278.53,67229
278.6,67239
278.67,67251
278.74,67264
278.81,67274
278.88,67281
278.95,67282
279.02,67289
279.09,67295
279.16,67297
279.23,67293
279.3,67302
279.37,67311
279.44,67326
279.51,67345
279.58,67356
279.65,67375
279.72,67391
279.79,67400
279.86,67413
279.93,67422
280.0,67396
280.07,67429
280.14,67450
280.21,67468
280.28,67474
280.35,67487
280.42,67496
280.49,67503
280.56,67516
280.63,67530
280.7,67551
280.77,67558
280.84,67562
280.91,67576
280.98,67587
281.05,67602
281.12,67607
281.19,67600
281.26,67554
281.33,67478
281.4,67402
281.47,67325
281.54,67254
281.61,67193
281.68,67150
281.75,67139
281.82,67176
281.89,67291
281.96,67434
282.03,67569
282.1,67674
282.17,67717
282.24,67745
282.31,67774
282.38,67785
282.45,67797
282.52,67803
282.59,67812
282.66,67817
282.73,67829
282.8,67840
282.87,67844
282.94,67848
283.01,67857
283.08,67850
283.15,67846
283.22,67833
283.29,67815
283.36,67784
283.43,67737
283.5,67697
283.57,67688
283.64,67696
283.71,67699
283.78,67697
283.85,67694
283.92,67697
283.99,67702
284.06,67707
284.13,67709
284.2,67709
284.27,67705
284.34,67692
284.41,67682
284.48,67683
284.55,67694
284.62,67706
284.69,67704
284.76,67703
284.83,67702
284.9,67732
284.97,67785
285.04,67839
285.11,67874
285.18,67848
285.25,67799
285.32,67811
285.39,67911
285.46,68066
285.53,68202
285.6,68245
285.67,68267
285.74,68274
285.81,68271
285.88,68237
285.95,68211
286.02,68168
286.09,68126
286.16,68138
286.23,68083
286.3,67981
286.37,68032
286.44,68103
286.51,68166
286.58,68249
286.65,68334
286.72,68373
286.79,68382
286.86,68368
286.93,68347
287.0,68333
287.07,68378
287.14,68443
287.21,68481
287.28,68495
287.35,68510
287.42,68511
287.49,68497
287.56,68439
287.63,68364
287.7,68303
287.77,68252
287.84,68204
287.91,68167
287.98,68167
288.05,68186
288.12,68214
288.19,68251
288.26,68276
288.33,68307
288.4,68355
288.47,68429
288.54,68522
288.61,68586
288.68,68622
288.75,68657
288.82,68677
288.89,68702
288.96,68713
289.03,68729
289.1,68729
289.17,68760
289.24,68787
289.31,68776
289.38,68775
289.45,68797
289.52,68810
289.59,68835
289.66,68876
289.73,68890
289.8,68856
289.87,68858
289.94,68888
290.01,68899
290.08,68912
290.15,68924
290.22,68933
290.29,68947
290.36,68959
290.43,68971
290.5,68978
290.57,68991
290.64,68994
290.71,69001
290.78,69010
290.85,68998
290.92,68912
290.99,68747
291.06,68584
291.13,68484
291.2,68521
291.27,68711
291.34,68963
291.41,69068
291.48,69095
291.55,69113
291.62,69128
291.69,69139
291.76,69150
291.83,69161
291.9,69169
291.97,69172
292.04,69154
292.11,69070
292.18,68911
292.25,68767
292.32,68691
292.39,68770
292.46,68946
292.53,69123
292.6,69214
292.67,69260
292.74,69279
292.81,69301
292.88,69320
292.95,69334
293.02,69337
293.09,69253
293.16,69050
293.23,68917
293.3,68932
293.37,69063
293.44,69254
293.51,69373
293.58,69412
293.65,69432
293.72,69448
293.79,69461
293.86,69460
293.93,69324
294.0,69143
294.07,69108
294.14,69196
294.21,69361
294.28,69471
294.35,69511
294.42,69530
294.49,69549
294.56,69562
294.63,69568
294.7,69589
294.77,69593
294.84,69598
294.91,69560
294.98,69477
295.05,69481
295.12,69353
295.19,69378
295.26,69449
295.33,69547
295.4,69616
295.47,69655
295.54,69668
295.61,69687
295.68,69706
295.75,69721
295.82,69738
295.89,69754
295.96,69771
296.03,69774
296.1,69782
296.17,69793
296.24,69794
296.31,69806
296.38,69817
296.45,69832
296.52,69843
296.59,69857
296.66,69865
296.73,69872
296.8,69887
296.87,69898
296.94,69913
297.01,69928
297.08,69927
297.15,69954
297.22,69963
297.29,69975
297.36,69980
297.43,69985
297.5,69984
297.57,69963
297.64,69881
297.71,69781
297.78,69729
297.85,69707
297.92,69729
297.99,69760
298.06,69787
298.13,69821
298.2,69833
298.27,69818
298.34,69809
298.41,69800
298.48,69787
298.55,69778
298.62,69766
298.69,69769
298.76,69792
298.83,69827
298.9,69844
298.97,69866
299.04,69925
299.11,70024
299.18,70146
299.25,70210
299.32,70243
299.39,70257
299.46,70275
299.53,70287
299.6,70301
299.67,70306
299.74,70327
299.81,70338
299.88,70349
299.95,70359
300.02,70368
300.09,70376
300.16,70374
300.23,70378
300.3,70357
300.37,70313
300.44,70239
300.51,70202
300.58,70183
300.65,70170
300.72,70191
300.79,70244
300.86,70306
300.93,70358
301.0,70396
301.07,70424
301.14,70454
301.21,70482
301.28,70514
301.35,70539
301.42,70562
301.49,70577
301.56,70595
301.63,70608
301.7,70626
301.77,70636
301.84,70649
301.91,70666
301.98,70675
302.05,70687
302.12,70697
302.19,70708
302.26,70712
302.33,70722
302.4,70731
302.47,70751
302.54,70764
302.61,70776
302.68,70779
302.75,70791
302.82,70807
302.89,70810
302.96,70825
303.03,70834
303.1,70848
303.17,70854
303.24,70860
303.31,70861
303.38,70865
303.45,70872
303.52,70879
303.59,70890
303.66,70910
303.73,70920
303.8,70936
303.87,70948
303.94,70968
304.01,70978
304.08,70989
304.15,70991
304.22,71001
304.29,71003
304.36,71012
304.43,71020
304.5,71035
304.57,71051
304.64,71063
304.71,71074
304.78,71087
304.85,71091
304.92,71094
304.99,71112
305.06,71128
305.13,71143
305.2,71152
305.27,71158
305.34,71164
305.41,71173
305.48,71187
305.55,71195
305.62,71192
305.69,71194
305.76,71204
305.83,71215
305.9,71222
305.97,71227
306.04,71244
306.11,71284
306.18,71288
306.25,71298
306.32,71292
306.39,71284
306.46,71283
306.53,71276
306.6,71232
306.67,71157
306.74,71087
306.81,71056
306.88,71062
306.95,71080
307.02,71080
307.09,71210
307.16,71136
307.23,71223
307.3,71303
307.37,71369
307.44,71413
307.51,71439
307.58,71436
307.65,71421
307.72,71398
307.79,71368
307.86,71331
307.93,71295
308.0,71265
308.07,71208
308.14,71122
308.21,71035
308.28,70992
308.35,71110
308.42,71351
308.49,71564
308.56,71614
308.63,71639
308.7,71648
308.77,71674
308.84,71701
308.91,71689
308.98,71693
309.05,71668
309.12,71592
309.19,71446
309.26,71297
309.33,71247
309.4,71296
309.47,71389
309.54,71476
309.61,71510
309.68,71501
309.75,71463
309.82,71442
309.89,71498
309.96,71635
310.03,71762
310.1,71829
310.17,71858
310.24,71885
310.31,71906
310.38,71918
310.45,71925
310.52,71930
310.59,71926
310.66,71921
310.73,71881
310.8,71829
310.87,71790
310.94,71781
311.01,71786
311.08,71804
311.15,71786
311.22,71772
311.29,71762
311.36,71782
311.43,71850
311.5,71960
311.57,72049
311.64,72079
311.71,72102
311.78,72112
311.85,72127
311.92,72138
311.99,72150
312.06,72159
312.13,72154
312.2,72079
312.27,71883
312.34,71719
312.41,71680
312.48,71718
312.55,71765
312.62,71793
312.69,71828
312.76,71854
312.83,71862
312.9,71851
312.97,71835
313.04,71867
313.11,71931
313.18,72013
313.25,72080
313.32,72126
313.39,72163
313.46,72203
313.53,72249
313.6,72299
313.67,72335
313.74,72362
313.81,72378
313.88,72393
313.95,72398
314.02,72413
314.09,72426
314.16,72444
314.23,72460
314.3,72483
314.37,72495
314.44,72504
314.51,72514
314.58,72528
314.65,72530
314.72,72532
314.79,72533
314.86,72540
314.93,72549
315.0,72559
315.07,72574
315.14,72586
315.21,72594
315.28,72597
315.35,72598
315.42,72569
315.49,72500
315.56,72414
315.63,72318
315.7,72242
315.77,72205
315.84,72190
315.91,72183
315.98,72195
316.05,72214
316.12,72239
316.19,72277
316.26,72328
316.33,72370
316.4,72414
316.47,72478
316.54,72559
316.61,72667
316.68,72782
316.75,72828
316.82,72849
316.89,72858
316.96,72876
317.03,72889
317.1,72902
317.17,72917
317.24,72931
317.31,72925
317.38,72912
317.45,72866
317.52,72794
317.59,72745
317.66,72760
317.73,72830
317.8,72914
317.87,72976
317.94,73009
318.01,73034
318.08,73049
318.15,73055
318.22,73069
318.29,73077
318.36,73099
318.43,73115
318.5,73127
318.57,73112
318.64,73033
318.71,72894
318.78,72766
318.85,72716
318.92,72752
318.99,72832
319.06,72947
319.13,73056
319.2,73164
319.27,73219
319.34,73236
319.41,73248
319.48,73263
319.55,73276
319.62,73281
319.69,73244
319.76,73146
319.83,73011
319.9,72902
319.97,72916
320.04,73035
320.11,73176
320.18,73299
320.25,73366
320.32,73389
320.39,73409
320.46,73419
320.53,73433
320.6,73449
320.67,73463
320.74,73478
320.81,73486
320.88,73487
320.95,73469
321.02,73417
321.09,73334
321.16,73329
321.23,73292
321.3,73330
321.37,73356
321.44,73346
321.51,73374
321.58,73415
321.65,73469
321.72,73533
321.79,73576
321.86,73616
321.93,73637
322.0,73655
322.07,73667
322.14,73680
322.21,73691
322.28,73705
322.35,73714
322.42,73727
322.49,73738
322.56,73749
322.63,73760
322.7,73773
322.77,73781
322.84,73796
322.91,73805
322.98,73820
323.05,73825
323.12,73838
323.19,73848
323.26,73850
323.33,73857
323.4,73864
323.47,73876
323.54,73888
323.61,73907
323.68,73906
323.75,73913
323.82,73915
323.89,73916
323.96,73902
324.03,73886
324.1,73844
324.17,73782
324.24,73743
324.31,73746
324.38,73786
324.45,73807
324.52,73815
324.59,73809
324.66,73793
324.73,73783
324.8,73775
324.87,73780
324.94,73804
325.01,73835
325.08,73883
325.15,73922
325.22,73956
325.29,74004
325.36,74041
325.43,74073
325.5,74091
325.57,74112
325.64,74135
325.71,74160
325.78,74200
325.85,74240
325.92,74266
325.99,74291
326.06,74303
326.13,74310
326.2,74323
326.27,74328
326.34,74336
326.41,74340
326.48,74340
326.55,74335
326.62,74330
326.69,74315
326.76,74293
326.83,74259
326.9,74230
326.97,74204
327.04,74194
327.11,74343
327.18,74378
327.25,74458
327.32,74487
327.39,74497
327.46,74509
327.53,74516
327.6,74513
327.67,74509
327.74,74486
327.81,74469
327.88,74455
327.95,74456
328.02,74450
328.09,74448
328.16,74419
328.23,74373
328.3,74316
328.37,74291
328.44,74311
328.51,74399
328.58,74517
328.65,74629
328.72,74675
328.79,74700
328.86,74723
328.93,74739
329.0,74751
329.07,74766
329.14,74777
329.21,74783
329.28,74790
329.35,74800
329.42,74809
329.49,74819
329.56,74828
329.63,74840
329.7,74853
329.77,74865
329.84,74875
329.91,74882
329.98,74893
330.05,74898
330.12,74901
330.19,74910
330.26,74917
330.33,74928
330.4,74935
330.47,74944
330.54,74954
330.61,74961
330.68,74970
330.75,74980
330.82,74992
330.89,75005
330.96,75017
331.03,75029
331.1,75037
331.17,75050
331.24,75059
331.31,75073
331.38,75075
331.45,75086
331.52,75087
331.59,75078
331.66,75075
331.73,75093
331.8,75126
331.87,75157
331.94,75180
332.01,75196
332.08,75212
332.15,75224
332.22,75238
332.29,75246
332.36,75256
332.43,75268
332.5,75285
332.57,75298
332.64,75311
332.71,75320
332.78,75329
332.85,75335
332.92,75350
332.99,75354
333.06,75367
333.13,75377
333.2,75390
333.27,75394
333.34,75402
333.41,75410
333.48,75414
333.55,75420
333.62,75431
333.69,75443
333.76,75448
333.83,75453
333.9,75474
333.97,75495
334.04,75504
334.11,75509
334.18,75521
334.25,75531
334.32,75541
334.39,75555
334.46,75565
334.53,75572
334.6,75578
334.67,75608
334.74,75609
334.81,75612
334.88,75622
334.95,75639
335.02,75649
335.09,75666
335.16,75681
335.23,75695
335.3,75713
335.37,75724
335.44,75734
335.51,75748
335.58,75749
335.65,75759
335.72,75770
335.79,75784
335.86,75792
335.93,75809
336.0,75821
336.07,75830
336.14,75838
336.21,75852
336.28,75864
336.35,75871
336.42,75879
336.49,75890
336.56,75898
336.63,75908
336.7,75920
336.77,75942
336.84,75948
336.91,75949
336.98,75950
337.05,75940
337.12,75905
337.19,75862
337.26,75822
337.33,75811
337.4,75827
337.47,75837
337.54,75832
337.61,75824
337.68,75818
337.75,75811
337.82,75831
337.89,75841
337.96,75861
338.03,75891
338.1,75934
338.17,75981
338.24,76021
338.31,76057
338.38,76075
338.45,76089
338.52,76098
338.59,76115
338.66,76142
338.73,76157
338.8,76172
338.87,76177
338.94,76158
339.01,76126
339.08,76092
339.15,76048
339.22,76007
339.29,76005
339.36,76065
339.43,76160
339.5,76271
339.57,76353
339.64,76388
339.71,76393
339.78,76399
339.85,76402
339.92,76391
339.99,76351
340.06,76241
340.13,76138
340.2,76097
340.27,76153
340.34,76264
340.41,76376
340.48,76448
340.55,76490
340.62,76502
340.69,76510
340.76,76518
340.83,76525
340.9,76535
340.97,76549
341.04,76567
341.11,76585
341.18,76599
341.25,76614
341.32,76632
341.39,76644
341.46,76660
341.53,76671
341.6,76671
341.67,76689
341.74,76692
341.81,76694
341.88,76703
341.95,76717
342.02,76733
342.09,76750
342.16,76770
342.23,76782
342.3,76789
342.37,76794
342.44,76803
342.51,76814
342.58,76823
342.65,76833
342.72,76841
342.79,76845
342.86,76853
342.93,76861
343.0,76876
343.07,76892
343.14,76910
343.21,76914
343.28,76917
343.35,76922
343.42,76912
343.49,76911
343.56,76879
343.63,76825
343.7,76749
343.77,76668
343.84,76621
343.91,76618
343.98,76648
344.05,76694
344.12,76756
344.19,76828
344.26,76895
344.33,76965
344.4,77028
344.47,77076
344.54,77102
344.61,77108
344.68,77120
344.75,77131
344.82,77138
344.89,77153
344.96,77172
345.03,77188
345.1,77200
345.17,77212
345.24,77219
345.31,77222
345.38,77221
345.45,77215
345.52,77213
345.59,77214
345.66,77211
345.73,77213
345.8,77215
345.87,77219
345.94,77215
346.01,77203
346.08,77184
346.15,77155
346.22,77130
346.29,77104
346.36,77093
346.43,77097
346.5,77117
346.57,77136
346.64,77163
346.71,77198
346.78,77231
346.85,77258
346.92,77287
346.99,77304
347.06,77326
347.13,77338
347.2,77362
347.27,77395
347.34,77443
347.41,77496
347.48,77534
347.55,77570
347.62,77586
347.69,77601
347.76,77618
347.83,77634
347.9,77650
347.97,77661
348.04,77680
348.11,77689
348.18,77709
348.25,77715
348.32,77728
348.39,77737
348.46,77743
348.53,77746
348.6,77750
348.67,77742
348.74,77722
348.81,77696
348.88,77644
348.95,77604
349.02,77593
349.09,77586
349.16,77597
349.23,77618
349.3,77653
349.37,77697
349.44,77750
349.51,77802
349.58,77849
349.65,77883
349.72,77911
349.79,77931
349.86,77951
349.93,77964
350.0,77984
350.07,78001
350.14,78016
350.21,78028
350.28,78039
350.35,78055
350.42,78068
350.49,78079
350.56,78089
350.63,78088
350.7,78069
350.77,78003
350.84,77894
350.91,77778
350.98,77715
351.05,77733
351.12,77836
351.19,77993
351.26,78129
351.33,78196
351.4,78231
351.47,78250
351.54,78262
351.61,78269
351.68,78254
351.75,78121
351.82,77961
351.89,77978
351.96,78120
352.03,78280
352.1,78338
352.17,78356
352.24,78361
352.31,78388
352.38,78395
352.45,78411
352.52,78424
352.59,78435
352.66,78440
352.73,78447
352.8,78438
352.87,78405
352.94,78370
353.01,78379
353.08,78410
353.15,78436
353.22,78462
353.29,78481
353.36,78481
353.43,78437
353.5,78373
353.57,78318
353.64,78313
353.71,78349
353.78,78406
353.85,78477
353.92,78547
353.99,78601
354.06,78634
354.13,78663
354.2,78681
354.27,78694
354.34,78707
354.41,78721
354.48,78727
354.55,78740
354.62,78755
354.69,78762
354.76,78769
354.83,78774
354.9,78775
354.97,78754
355.04,78695
355.11,78595
355.18,78507
355.25,78439
355.32,78405
355.39,78413
355.46,78469
355.53,78540
355.6,78629
355.67,78730
355.74,78810
355.81,78869
355.88,78908
355.95,78925
356.02,78945
356.09,78950
356.16,78962
356.23,78968
356.3,78976
356.37,78987
356.44,78982
356.51,78952
356.58,78917
356.65,78888
356.72,78876
356.79,78876
356.86,78876
356.93,78879
357.0,78882
357.07,78888
357.14,78885
357.21,78890
357.28,78890
357.35,78888
357.42,78888
357.49,78898
357.56,78902
357.63,78910
357.7,78927
357.77,78938
357.84,78942
357.91,78954
357.98,78961
358.05,78959
358.12,78960
358.19,78964
358.26,78965
358.33,78969
358.4,78973
358.47,78979
358.54,78990
358.61,79008
358.68,79027
358.75,79052
358.82,79091
358.89,79128
358.96,79169
359.03,79210
359.1,79253
359.17,79281
359.24,79319
359.31,79357
359.38,79388
359.45,79412
359.52,79424
359.59,79440
359.66,79452
359.73,79463
359.8,79473
359.87,79496
359.94,79516
360.01,79528
360.08,79546
360.15,79568
360.22,79580
360.29,79594
360.36,79598
360.43,79607
360.5,79621
360.57,79635
360.64,79650
360.71,79670
360.78,79684
360.85,79692
360.92,79713
360.99,79723
361.06,79737
361.13,79750
361.2,79761
361.27,79776
361.34,79787
361.41,79793
361.48,79800
361.55,79811
361.62,79816
361.69,79834
361.76,79840
361.83,79853
361.9,79868
361.97,79881
362.04,79892
362.11,79901
362.18,79913
362.25,79920
362.32,79926
362.39,79932
362.46,79930
362.53,79927
362.6,79921
362.67,79907
362.74,79890
362.81,79870
362.88,79865
362.95,79860
363.02,79863
363.09,79866
363.16,79872
363.23,79882
363.3,79901
363.37,79912
363.44,79975
363.51,79929
363.58,79935
363.65,79936
363.72,79928
363.79,79927
363.86,79917
363.93,79909
364.0,79897
364.07,79895
364.14,79884
364.21,79875
364.28,79868
364.35,79862
364.42,79855
364.49,79848
364.56,79849
364.63,79861
364.7,79889
364.77,79924
364.84,79963
364.91,80004
364.98,80054
365.05,80108
365.12,80152
365.19,80199
365.26,80245
365.33,80268
365.4,80293
365.47,80317
365.54,80343
365.61,80380
365.68,80413
365.75,80442
365.82,80465
365.89,80486
365.96,80501
366.03,80520
366.1,80536
366.17,80555
366.24,80568
366.31,80571
366.38,80578
366.45,80578
366.52,80584
366.59,80587
366.66,80597
366.73,80610
366.8,80627
366.87,80642
366.94,80664
367.01,80680
367.08,80697
367.15,80708
367.22,80718
367.29,80725
367.36,80735
367.43,80751
367.5,80761
367.57,80766
367.64,80777
367.71,80781
367.78,80786
367.85,80793
367.92,80805
367.99,80815
368.06,80829
368.13,80835
368.2,80846
368.27,80846
368.34,80840
368.41,80824
368.48,80776
368.55,80714
368.62,80644
368.69,80582
368.76,80530
368.83,80503
368.9,80509
368.97,80538
369.04,80566
369.11,80599
369.18,80649
369.25,80697
369.32,80741
369.39,80786
369.46,80839
369.53,80892
369.6,80953
369.67,81004
369.74,81048
369.81,81084
369.88,81105
369.95,81122
370.02,81142
370.09,81156
370.16,81171
370.23,81190
370.3,81199
370.37,81214
370.44,81230
370.51,81231
370.58,81241
370.65,81243
370.72,81237
370.79,81231
370.86,81189
370.93,81114
371.0,81038
371.07,80986
371.14,80977
371.21,81031
371.28,81141
371.35,81249
371.42,81319
371.49,81359
371.56,81383
371.63,81404
371.7,81418
371.77,81427
371.84,81443
371.91,81451
371.98,81447
372.05,81423
372.12,81336
372.19,81205
372.26,81105
372.33,81078
372.4,81091
372.47,81128
372.54,81163
372.61,81182
372.68,81201
372.75,81228
372.82,81282
372.89,81363
372.96,81448
373.03,81523
373.1,81582
373.17,81616
373.24,81646
373.31,81669
373.38,81688
373.45,81706
373.52,81721
373.59,81738
373.66,81745
373.73,81761
373.8,81773
373.87,81784
373.94,81800
374.01,81814
374.08,81820
374.15,81834
374.22,81845
374.29,81852
374.36,81858
374.43,81868
374.5,81877
374.57,81891
374.64,81899
374.71,81914
374.78,81929
374.85,81941
374.92,81949
374.99,81959
375.06,81969
375.13,81978
375.2,81982
375.27,81990
375.34,81989
375.41,82007
375.48,82013
375.55,82026
375.62,82048
375.69,82066
375.76,82078
375.83,82090
375.9,82097
375.97,82102
376.04,82104
376.11,82110
376.18,82118
376.25,82108
376.32,82085
376.39,82055
376.46,82026
376.53,81990
376.6,81966
376.67,81932
376.74,81901
376.81,81872
376.88,81864
376.95,81886
377.02,81905
377.09,81928
377.16,81942
377.23,81960
377.3,81984
377.37,82010
377.44,82035
377.51,82047
377.58,82050
377.65,82064
377.72,82077
377.79,82094
377.86,82111
377.93,82152
378.0,82226
378.07,82312
378.14,82387
378.21,82431
378.28,82459
378.35,82476
378.42,82487
378.49,82500
378.56,82521
378.63,82537
378.7,82555
378.77,82561
378.84,82571
378.91,82580
378.98,82589
379.05,82597
379.12,82578
379.19,82512
379.26,82415
379.33,82321
379.4,82260
379.47,82241
379.54,82247
379.61,82283
379.68,82346
379.75,82429
379.82,82522
379.89,82613
379.96,82682
380.03,82733
380.1,82756
380.17,82776
380.24,82789
380.31,82805
380.38,82816
380.45,82825
380.52,82838
380.59,82843
380.66,82833
380.73,82828
380.8,82755
380.87,82710
380.94,82701
381.01,82625
381.08,82659
381.15,82598
381.22,82610
381.29,82661
381.36,82739
381.43,82821
381.5,82902
381.57,82961
381.64,83002
381.71,83020
381.78,83042
381.85,83060
381.92,83076
381.99,83092
382.06,83109
382.13,83121
382.2,83127
382.27,83142
382.34,83163
382.41,83169
382.48,83182
382.55,83189
382.62,83197
382.69,83198
382.76,83202
382.83,83215
382.9,83225
382.97,83225
383.04,83213
383.11,83181
383.18,83149
383.25,83117
383.32,83086
383.39,83060
383.46,83052
383.53,83054
383.6,83063
383.67,83064
383.74,83069
383.81,83080
383.88,83096
383.95,83117
384.02,83141
384.09,83165
384.16,83193
384.23,83230
384.3,83271
384.37,83314
384.44,83367
384.51,83415
384.58,83452
384.65,83470
384.72,83490
384.79,83507
384.86,83527
384.93,83528
385.0,83541
385.07,83498
385.14,83422
385.21,83378
385.28,83365
385.35,83409
385.42,83465
385.49,83537
385.56,83597
385.63,83644
385.7,83675
385.77,83696
385.84,83724
385.91,83743
385.98,83748
386.05,83752
386.12,83781
386.19,83775
386.26,83775
386.33,83778
386.4,83767
386.47,83764
386.54,83771
386.61,83759
386.68,83744
386.75,83705
386.82,83670
386.89,83622
386.96,83577
387.03,83537
387.1,83512
387.17,83504
387.24,83500
387.31,83510
387.38,83518
387.45,83529
387.52,83543
387.59,83555
387.66,83596
387.73,83653
387.8,83728
387.87,83818
387.94,83910
388.01,83997
388.08,84053
388.15,84080
388.22,84097
388.29,84107
388.36,84120
388.43,84130
388.5,84137
388.57,84143
388.64,84148
388.71,84144
388.78,84100
388.85,84036
388.92,84019
388.99,84050
389.06,84129
389.13,84196
389.2,84235
389.27,84246
389.34,84273
389.41,84279
389.48,84293
389.55,84302
389.62,84312
389.69,84325
389.76,84343
389.83,84355
389.9,84361
389.97,84364
390.04,84374
390.11,84392
390.18,84406
390.25,84421
390.32,84431
390.39,84436
390.46,84437
390.53,84438
390.6,84431
390.67,84387
390.74,84278
390.81,84141
390.88,84062
390.95,84075
391.02,84177
391.09,84334
391.16,84496
391.23,84572
391.3,84597
391.37,84604
391.44,84607
391.51,84616
391.58,84622
391.65,84622
391.72,84606
391.79,84552
391.86,84446
391.93,84367
392.0,84339
392.07,84371
392.14,84458
392.21,84569
392.28,84699
392.35,84774
392.42,84791
392.49,84800
392.56,84808
392.63,84818
392.7,84823
392.77,84811
392.84,84734
392.91,84598
392.98,84484
393.05,84438
393.12,84473
393.19,84570
393.26,84700
393.33,84838
393.4,84921
393.47,84957
393.54,84975
393.61,84987
393.68,84997
393.75,85005
393.82,85006
393.89,84985
393.96,84920
394.03,84851
394.1,84819
394.17,84812
394.24,84876
394.31,84759
394.38,84758
394.45,84801
394.52,84863
394.59,84953
394.66,85047
394.73,85119
394.8,85168
394.87,85194
394.94,85210
395.01,85224
395.08,85240
395.15,85242
395.22,85238
395.29,85246
395.36,85262
395.43,85275
395.5,85272
395.57,85241
395.64,85211
395.71,85152
395.78,85101
395.85,85100
395.92,85146
395.99,85191
396.06,85231
396.13,85220
396.2,85160
396.27,85074
396.34,84989
396.41,84940
396.48,84942
396.55,85037
396.62,85165
396.69,85278
396.76,85371
396.83,85429
396.9,85443
396.97,85445
397.04,85428
397.11,85418
397.18,85421
397.25,85430
397.32,85444
397.39,85476
397.46,85511
397.53,85563
397.6,85606
397.67,85636
397.74,85656
397.81,85670
397.88,85686
397.95,85704
398.02,85721
398.09,85735
398.16,85722
398.23,85638
398.3,85494
398.37,85399
398.44,85389
398.51,85479
398.58,85629
398.65,85763
398.72,85813
398.79,85833
398.86,85857
398.93,85875
399.0,85883
399.07,85899
399.14,85914
399.21,85920
399.28,85925
399.35,85905
399.42,85841
399.49,85748
399.56,85695
399.63,85667
399.7,85663
399.77,85659
399.84,85627
399.91,85588
399.98,85535
400.05,85525
400.12,85554
400.19,85616
400.26,85693
400.33,85742
400.4,85778
400.47,85806
400.54,85812
400.61,85813
400.68,85831
400.75,85859
400.82,85963
400.89,85966
400.96,86034
401.03,86110
401.1,86176
401.17,86213
401.24,86235
401.31,86247
401.38,86263
401.45,86270
401.52,86275
401.59,86287
401.66,86287
401.73,86300
401.8,86307
401.87,86308
401.94,86262
402.01,86147
402.08,86018
402.15,85912
402.22,85926
402.29,86047
402.36,86218
402.43,86362
402.5,86433
402.57,86448
402.64,86458
402.71,86466
402.78,86469
402.85,86478
402.92,86490
402.99,86493
403.06,86453
403.13,86375
403.2,86334
403.27,86342
403.34,86358
403.41,86376
403.48,86350
403.55,86299
403.62,86249
403.69,86206
403.76,86189
403.83,86213
403.9,86268
403.97,86342
404.04,86415
404.11,86477
404.18,86495
404.25,86491
404.32,86468
404.39,86431
404.46,86392
404.53,86358
404.6,86341
404.67,86352
404.74,86393
404.81,86439
404.88,86490
404.95,86537
405.02,86584
405.09,86622
405.16,86633
405.23,86609
405.3,86560
405.37,86510
405.44,86494
405.51,86523
405.58,86556
405.65,86586
405.72,86636
405.79,86655
405.86,86656
405.93,86620
406.0,86583
406.07,86568
406.14,86579
406.21,86590
406.28,86624
406.35,86658
406.42,86679
406.49,86697
406.56,86708
406.63,86723
406.7,86728
406.77,86736
406.84,86735
406.91,86730
406.98,86732
407.05,86767
407.12,86827
407.19,86909
407.26,86992
407.33,87067
407.4,87133
407.47,87167
407.54,87180
407.61,87182
407.68,87150
407.75,87103
407.82,87043
407.89,87001
407.96,86962
408.03,86945
408.1,86938
408.17,86948
408.24,86972
408.31,87026
408.38,87089
408.45,87153
408.52,87223
408.59,87288
408.66,87333
408.73,87377
408.8,87406
408.87,87436
408.94,87465
409.01,87485
409.08,87503
409.15,87513
409.22,87521
409.29,87525
409.36,87504
409.43,87405
409.5,87322
409.57,87291
409.64,87267
409.71,87245
409.78,87242
409.85,87313
409.92,87458
409.99,87571
410.06,87628
410.13,87646
410.2,87664
410.27,87672
410.34,87680
410.41,87683
410.48,87681
410.55,87671
410.62,87650
410.69,87607
410.76,87554
410.83,87483
410.9,87436
410.97,87481
411.04,87561
411.11,87645
411.18,87745
411.25,87818
411.32,87816
411.39,87831
411.46,87853
411.53,87869
411.6,87876
411.67,87896
411.74,87917
411.81,87928
411.88,87939
411.95,87950
412.02,87961
412.09,87976
412.16,87995
412.23,87999
412.3,88005
412.37,88009
412.44,87989
412.51,87904
412.58,87797
412.65,87748
412.72,87786
412.79,87868
412.86,87953
412.93,88020
413.0,88041
413.07,88040
413.14,88036
413.21,88034
413.28,88025
413.35,88009
413.42,87995
413.49,87992
413.56,87996
413.63,88000
413.7,88018
413.77,88034
413.84,88047
413.91,88051
413.98,88063
414.05,88074
414.12,88084
414.19,88095
414.26,88124
414.33,88158
414.4,88191
414.47,88217
414.54,88238
414.61,88249
414.68,88263
414.75,88282
414.82,88299
414.89,88306
414.96,88321
415.03,88332
415.1,88343
415.17,88363
415.24,88383
415.31,88411
415.38,88448
415.45,88490
415.52,88520
415.59,88548
415.66,88572
415.73,88587
415.8,88604
415.87,88618
415.94,88637
416.01,88652
416.08,88669
416.15,88685
416.22,88704
416.29,88717
416.36,88734
416.43,88746
416.5,88761
416.57,88767
416.64,88756
416.71,88724
416.78,88682
416.85,88669
416.92,88667
416.99,88660
417.06,88640
417.13,88612
417.2,88603
417.27,88631
417.34,88699
417.41,88745
417.48,88773
417.55,88802
417.62,88812
417.69,88818
417.76,88824
417.83,88831
417.9,88838
417.97,88835
418.04,88848
418.11,88862
418.18,88900
418.25,88943
418.32,88987
418.39,89020
418.46,89049
418.53,89060
418.6,89058
418.67,89053
418.74,89051
418.81,89044
418.88,89051
418.95,89069
419.02,89093
419.09,89132
419.16,89163
419.23,89178
419.3,89200
419.37,89209
419.44,89224
419.51,89227
419.58,89238
419.65,89246
419.72,89249
419.79,89258
419.86,89277
419.93,89315
420.0,89354
420.07,89385
420.14,89391
420.21,89399
420.28,89404
420.35,89414
420.42,89431
420.49,89440
420.56,89454
420.63,89468
420.7,89482
420.77,89497
420.84,89514
420.91,89524
420.98,89533
421.05,89548
421.12,89558
421.19,89566
421.26,89585
421.33,89591
421.4,89608
421.47,89624
421.54,89621
421.61,89621
421.68,89630
421.75,89648
421.82,89633
421.89,89653
421.96,89673
422.03,89632
422.1,89523
422.17,89414
422.24,89372
422.31,89361
422.38,89382
422.45,89418
422.52,89484
422.59,89569
422.66,89672
422.73,89761
422.8,89811
422.87,89843
422.94,89865
423.01,89883
423.08,89898
423.15,89913
423.22,89935
423.29,89945
423.36,89958
423.43,89944
423.5,89874
423.57,89774
423.64,89693
423.71,89619
423.78,89606
423.85,89666
423.92,89764
423.99,89879
424.06,89977
424.13,90041
424.2,90086
424.27,90111
424.34,90126
424.41,90144
424.48,90154
424.55,90157
424.62,90175
424.69,90184
424.76,90179
424.83,90117
424.9,90043
424.97,89989
425.04,89968
425.11,89944
425.18,89906
425.25,89868
425.32,87788
425.39,87771
425.46,87754
425.53,87749
425.6,87757
425.67,87785
425.74,89868
425.81,89919
425.88,89973
425.95,90036
426.02,90094
426.09,90130
426.16,90139
426.23,90140
426.3,90143
426.37,90146
426.44,90152
426.51,90158
426.58,90168
426.65,90156
426.72,90143
426.79,90175
426.86,90127
426.93,90146
427.0,90166
427.07,90186
427.14,90204
427.21,90228
427.28,90259
427.35,90307
427.42,90362
427.49,90415
427.56,90470
427.63,90520
427.7,90594
427.77,90632
427.84,90686
427.91,90738
427.98,90769
428.05,90786
428.12,90801
428.19,90813
428.26,90822
428.33,90826
428.4,90830
428.47,90840
428.54,90852
428.61,90862
428.68,90873
428.75,90886
428.82,90896
428.89,90904
428.96,90907
429.03,90891
429.1,90846
429.17,90776
429.24,90714
429.31,88624
429.38,88607
429.45,88627
429.52,88677
429.59,90794
429.66,90892
429.73,90979
429.8,91052
429.87,91092
429.94,91112
430.01,91129
430.08,91149
430.15,91158
430.22,91169
430.29,91178
430.36,91189
430.43,91199
430.5,91211
430.57,91222
430.64,91224
430.71,91239
430.78,91246
430.85,91251
430.92,91242
430.99,91233
431.06,91207
431.13,91167
431.2,91153
431.27,91180
431.34,91143
431.41,91127
431.48,91125
431.55,91126
431.62,91100
431.69,89008
431.76,88982
431.83,88971
431.9,88963
431.97,88969
432.04,88976
432.11,88998
432.18,89009
432.25,89028
432.32,89057
432.39,91135
432.46,91164
432.53,91180
432.6,91199
432.67,91209
432.74,91232
432.81,91257
432.88,91284
432.95,91313
433.02,91332
433.09,91353
433.16,91367
433.23,91378
433.3,91383
433.37,91394
433.44,91401
433.51,91423
433.58,91448
433.65,91484
433.72,91507
433.79,91518
433.86,91531
433.93,91538
434.0,91537
434.07,91535
434.14,91529
434.21,91543
434.28,91543
434.35,91547
434.42,91561
434.49,91556
434.56,91553
434.63,91563
434.7,91562
434.77,91555
434.84,91554
434.91,91545
434.98,91532
435.05,91504
435.12,91464
435.19,89364
435.26,89313
435.33,89294
435.4,89263
435.47,89239
435.54,89214
435.61,89204
435.68,89186
435.75,89188
435.82,89188
435.89,89196
435.96,89213
436.03,89234
436.1,89261
436.17,89294
436.24,89328
436.31,89365
436.38,89410
436.45,89448
436.52,89486
436.59,89535
436.66,89576
436.73,89609
436.8,91685
436.87,91716
436.94,91732
437.01,91748
437.08,91758
437.15,91770
437.22,91773
437.29,91779
437.36,91788
437.43,91794
437.5,91795
437.57,91800
437.64,91811
437.71,91808
437.78,91821
437.85,91823
437.92,91823
437.99,91821
438.06,89776
438.13,89773
438.2,89780
438.27,89777
438.34,89777
438.41,89775
438.48,89770
438.55,89752
438.62,89736
438.69,89718
438.76,89691
438.83,89647
438.9,89600
438.97,89554
439.04,89515
439.11,89489
439.18,89462
439.25,89431
439.32,89403
439.39,89415
439.46,89431
439.53,89475
439.6,89526
439.67,89594
439.74,89665
439.81,89727
439.88,89796
439.95,89852
440.02,89888
440.09,89914
440.16,89932
440.23,89940
440.3,89953
440.37,89958
440.44,89966
440.51,89971
440.58,89972
440.65,89975
440.72,89977
440.79,89978
440.86,89979
440.93,89978
441.0,89980
441.07,89976
441.14,89962
441.21,89941
441.28,89913
441.35,89875
441.42,89822
441.49,89782
441.56,89729
441.63,89693
441.7,89653
441.77,89642
441.84,89632
441.91,89631
441.98,89643
442.05,89641
442.12,89642
442.19,89646
442.26,89659
442.33,89671
442.4,89687
442.47,89725
442.54,89765
442.61,89818
442.68,89880
442.75,89950
442.82,90028
442.89,90089
442.96,90131
443.03,90154
443.1,90159
443.17,90171
443.24,90176
443.31,90180
443.38,90182
443.45,90186
443.52,90194
443.59,90202
443.66,90205
443.73,90208
443.8,90203
443.87,90190
443.94,90164
444.01,90129
444.08,90076
444.15,90032
444.22,89986
444.29,89956
444.36,89942
444.43,89930
444.5,89921
444.57,89915
444.64,89921
444.71,89940
444.78,89967
444.85,89996
444.92,90022
444.99,90032
445.06,90041
445.13,90168
445.2,90190
445.27,90193
445.34,90196
445.41,90196
445.48,90194
445.55,90113
445.62,90203
445.69,90203
445.76,90207
445.83,90062
445.9,90052
445.97,90103
446.04,90175
446.11,90269
446.18,90342
446.25,90376
446.32,90403
446.39,90413
446.46,90419
446.53,90430
446.6,90436
446.67,90438
446.74,90439
446.81,90437
446.88,90447
446.95,90447
447.02,90429
447.09,90394
447.16,90337
447.23,90265
447.3,90213
447.37,90180
447.44,90162
447.51,90161
447.58,90173
447.65,90190
447.72,90203
447.79,90233
447.86,90218
447.93,90192
448.0,90184
448.07,90178
448.14,90168
448.21,90167
448.28,90174
448.35,90180
448.42,90171
448.49,90179
448.56,90179
448.63,90179
448.7,90183
448.77,90188
448.84,90193
448.91,90195
448.98,90198
449.05,90202
449.12,90213
449.19,90218
449.26,90216
449.33,90221
449.4,90223
449.47,90231
449.54,90238
449.61,90237
449.68,90237
449.75,90244
449.82,90239
449.89,90244
449.96,90253
450.03,90263
450.1,90277
450.17,90286
450.24,90295
450.31,90302
450.38,90332
450.45,90353
450.52,90388
450.59,90425
450.66,90471
450.73,90535
450.8,90596
450.87,90652
450.94,90696
451.01,90733
451.08,90765
451.15,90780
451.22,90790
451.29,90800
451.36,90803
451.43,90814
451.5,90820
451.57,90824
451.64,90831
451.71,90836
451.78,90836
451.85,90826
451.92,90839
451.99,90846
452.06,90851
452.13,90854
452.2,90860
452.27,90862
452.34,90872
452.41,90879
452.48,90879
452.55,90886
452.62,90894
452.69,90894
452.76,90908
452.83,90912
452.9,90914
452.97,90916
453.04,90918
453.11,90914
453.18,90906
453.25,90890
453.32,90874
453.39,90855
453.46,90837
453.53,90809
453.6,90786
453.67,90769
453.74,90747
453.81,90733
453.88,90715
453.95,90701
454.02,90690
454.09,90673
454.16,90666
454.23,90664
454.3,90660
454.37,90669
454.44,90677
454.51,90687
454.58,90704
454.65,90703
454.72,90711
454.79,90719
454.86,90715
454.93,90722
455.0,90730
455.07,90747
455.14,90760
455.21,90781
455.28,90808
455.35,90847
455.42,90880
455.49,90926
455.56,90965
455.63,91000
455.7,91034
455.77,91064
455.84,91087
455.91,91100
455.98,91119
456.05,91131
456.12,91138
456.19,91150
456.26,91158
456.33,91160
456.4,91173
456.47,91178
456.54,91194
456.61,91193
456.68,91204
456.75,91213
456.82,91213
456.89,91213
456.96,91226
457.03,91229
457.1,91239
457.17,91245
457.24,91250
457.31,91260
457.38,91264
457.45,91271
457.52,91280
457.59,91281
457.66,91285
457.73,91286
457.8,91291
457.87,91291
457.94,91300
458.01,91305
458.08,91316
458.15,91320
458.22,91325
458.29,91328
458.36,91330
458.43,91334
458.5,91336
458.57,91342
458.64,91343
458.71,91356
458.78,91362
458.85,91370
458.92,91368
458.99,91374
459.06,91388
459.13,91388
459.2,91394
459.27,91402
459.34,91401
459.41,91410
459.48,91415
459.55,91421
459.62,91426
459.69,91431
459.76,91439
459.83,91440
459.9,91444
459.97,91451
460.04,91457
460.11,91464
460.18,91461
460.25,91468
460.32,91472
460.39,91480
460.46,91480
460.53,91486
460.6,91490
460.67,91498
460.74,91502
460.81,91509
460.88,91515
460.95,91526
461.02,91521
461.09,91521
461.16,91508
461.23,91511
461.3,91514
461.37,91523
461.44,91531
461.51,91530
461.58,91525
461.65,91514
461.72,91497
461.79,91466
461.86,91444
461.93,91474
462.0,91461
462.07,91459
462.14,91471
462.21,91382
462.28,91328
462.35,91304
462.42,91294
462.49,91412
462.56,91504
462.63,91444
462.7,91573
462.77,91593
462.84,91589
462.91,91649
462.98,91685
463.05,91695
463.12,91705
463.19,91716
463.26,91711
463.33,91712
463.4,91718
463.47,91717
463.54,91715
463.61,91716
463.68,91718
463.75,91712
463.82,91711
463.89,91708
463.96,91704
464.03,91690
464.1,91673
464.17,91639
464.24,91597
464.31,91569
464.38,91535
464.45,91514
464.52,91500
464.59,91488
464.66,91485
464.73,91486
464.8,91481
464.87,91484
464.94,91484
465.01,91489
465.08,91500
465.15,91516
465.22,91533
465.29,91556
465.36,91582
465.43,91604
465.5,91634
465.57,91660
465.64,91689
465.71,91721
465.78,91754
465.85,91778
465.92,91807
465.99,91830
466.06,91851
466.13,91862
466.2,91879
466.27,91885
466.34,91901
466.41,91906
466.48,91918
466.55,91923
466.62,91932
466.69,91934
466.76,91934
466.83,91937
466.9,91943
466.97,91945
467.04,91953
467.11,91955
467.18,91962
467.25,91967
467.32,91972
467.39,91975
467.46,91981
467.53,91987
467.6,91993
467.67,91991
467.74,91994
467.81,91995
467.88,91999
467.95,92014
468.02,92019
468.09,92030
468.16,92029
468.23,92028
468.3,92031
468.37,92041
468.44,92044
468.51,92044
468.58,92046
468.65,92040
468.72,92039
468.79,92029
468.86,92006
468.93,91966
469.0,91905
469.07,91853
469.14,91804
469.21,91770
469.28,91750
469.35,91742
469.42,91751
469.49,91765
469.56,91796
469.63,91846
469.7,91895
469.77,91955
469.84,92022
469.91,92072
469.98,92091
470.05,92106
470.12,92121
470.19,92133
470.26,92142
470.33,92148
470.4,92157
470.47,92169
470.54,92171
470.61,92180
470.68,92186
470.75,92186
470.82,92189
470.89,92193
470.96,92194
471.03,92197
471.1,92206
471.17,92210
471.24,92202
471.31,92198
471.38,92193
471.45,92191
471.52,92207
471.59,92207
471.66,92175
471.73,92152
471.8,92121
471.87,92090
471.94,92069
472.01,92048
472.08,92039
472.15,92035
472.22,92027
472.29,92027
472.36,92021
472.43,92018
472.5,92018
472.57,92014
472.64,92016
472.71,92028
472.78,92036
472.85,92058
472.92,92080
472.99,92094
473.06,92117
473.13,92132
473.2,92146
473.27,92159
473.34,92175
473.41,92187
473.48,92201
473.55,92224
473.62,92244
473.69,92258
473.76,92272
473.83,92281
473.9,92289
473.97,92302
474.04,92313
474.11,92324
474.18,92338
474.25,92357
474.32,92363
474.39,92382
474.46,92392
474.53,92403
474.6,92420
474.67,92433
474.74,92447
474.81,92449
474.88,92456
474.95,92458
475.02,92473
475.09,92477
475.16,92480
475.23,92485
475.3,92495
475.37,92497
475.44,92506
475.51,92508
475.58,92521
475.65,92518
475.72,92514
475.79,92526
475.86,92533
475.93,92522
476.0,92536
476.07,92538
476.14,92539
476.21,92547
476.28,92556
476.35,92559
476.42,92564
476.49,92570
476.56,92571
476.63,92575
476.7,92587
476.77,92596
476.84,92609
476.91,92611
476.98,92618
477.05,92602
477.12,92608
477.19,92611
477.26,92615
477.33,92618
477.4,92630
477.47,92632
477.54,92646
477.61,92654
477.68,92666
477.75,92667
477.82,92672
477.89,92676
477.96,92679
478.03,92686
478.1,92680
478.17,92685
478.24,92681
478.31,92687
478.38,92685
478.45,92691
478.52,92701
478.59,92704
478.66,92723
478.73,92732
478.8,92729
478.87,92734
478.94,92729
479.01,92719
479.08,92711
479.15,92707
479.22,92695
479.29,92679
479.36,92654
479.43,92635
479.5,92605
479.57,92585
479.64,92556
479.71,92542
479.78,92524
479.85,92502
479.92,92481
479.99,92477
480.06,92488
480.13,92495
480.2,92504
480.27,92511
480.34,92518
480.41,92520
480.48,92526
480.55,92532
480.62,92548
480.69,92558
480.76,92566
480.83,92580
480.9,92602
480.97,92604
481.04,92603
481.11,92597
481.18,92594
481.25,92597
481.32,92602
481.39,92599
481.46,92590
481.53,92580
481.6,92559
481.67,92556
481.74,92546
481.81,92552
481.88,92571
481.95,92599
482.02,92623
482.09,92657
482.16,92694
482.23,92737
482.3,92789
482.37,92832
482.44,92869
482.51,92902
482.58,92939
482.65,92971
482.72,92978
482.79,92988
482.86,92996
482.93,93007
483.0,93017
483.07,93020
483.14,93032
483.21,93034
483.28,93040
483.35,93039
483.42,93048
483.49,93047
483.56,93052
483.63,93052
483.7,93055
483.77,93054
483.84,93063
483.91,93055
483.98,93056
484.05,93052
484.12,93034
484.19,93017
484.26,92995
484.33,92967
484.4,92930
484.47,92896
484.54,92868
484.61,92835
484.68,92808
484.75,92781
484.82,92758
484.89,92743
484.96,92741
485.03,92748
485.1,92755
485.17,92764
485.24,92778
485.31,92799
485.38,92822
485.45,92846
485.52,92861
485.59,92874
485.66,92884
485.73,92882
485.8,92874
485.87,92858
485.94,92851
486.01,92855
486.08,92863
486.15,92875
486.22,92906
486.29,92946
486.36,92999
486.43,93046
486.5,93100
486.57,93145
486.64,93185
486.71,93214
486.78,93237
486.85,93250
486.92,93256
486.99,93265
487.06,93270
487.13,93275
487.2,93283
487.27,93294
487.34,93292
487.41,93293
487.48,93261
487.55,93277
487.62,93305
487.69,93317
487.76,93338
487.83,93356
487.9,93363
487.97,93339
488.04,93272
488.11,93122
488.18,92822
488.25,92945
488.32,93257
488.39,93371
488.46,93418
488.53,93395
488.6,93345
488.67,93310
488.74,93247
488.81,93119
488.88,92961
488.95,96060
489.02,96022
489.09,96011
489.16,96028
489.23,96042
489.3,96053
489.37,96067
489.44,96068
489.51,96072
489.58,96069
489.65,96063
489.72,96067
489.79,96066
489.86,96071
489.93,96066
490.0,96067
490.07,96069
490.14,96074
490.21,96068
490.28,96070
490.35,92869
490.42,92868
490.49,92868
490.56,92870
490.63,92873
490.7,92873
490.77,92873
490.84,92871
490.91,92871
490.98,92871
491.05,92872
491.12,92872
491.19,92867
491.26,92868
491.33,92872
491.4,92864
491.47,92859
491.54,92852
491.61,92844
491.68,92849
491.75,92855
491.82,92857
491.89,92861
491.96,92861
492.03,92860
492.1,92860
492.17,92859
492.24,92856
492.31,92862
492.38,92857
492.45,92855
492.52,92860
492.59,92857
492.66,92860
492.73,92864
492.8,92860
492.87,92856
492.94,92855
493.01,92858
493.08,92858
493.15,92857
493.22,92855
493.29,92857
493.36,92850
493.43,92850
493.5,92848
493.57,92854
493.64,92848
493.71,92852
493.78,92853
493.85,92850
493.92,92851
493.99,92849
494.06,92852
494.13,92844
494.2,92846
494.27,92850
494.34,92849
494.41,92848
494.48,92851
494.55,92853
494.62,92851
494.69,92854
494.76,92852
494.83,92852
494.9,92851
494.97,92853
495.04,92852
495.11,92851
495.18,92852
495.25,92856
495.32,92850
495.39,92853
495.46,92851
495.53,92856
495.6,92848
495.67,92855
495.74,92856
495.81,92852
495.88,92857
495.95,92856
496.02,92857
496.09,92858
496.16,92856
496.23,92858
496.3,92858
496.37,92856
496.44,92859
496.51,92855
496.58,92865
496.65,92863
496.72,92860
496.79,92862
496.86,92863
496.93,92861
497.0,92862
497.07,92859
497.14,92866
497.21,92862
497.28,92864
497.35,92865
497.42,92869
497.49,92865
497.56,92862
497.63,92867
497.7,92865
497.77,92861
497.84,92866
497.91,92858
497.98,92861
498.05,92861
498.12,92865
498.19,92863
498.26,92868
498.33,92864
498.4,92864
498.47,92865
498.54,92865
498.61,92865
498.68,92861
498.75,92863
498.82,92861
498.89,92863
498.96,92862
499.03,92861
499.1,92860
499.17,92863
499.24,92861
499.31,92861
499.38,92862
499.45,92859
499.52,92860
499.59,92858
499.66,92857
499.73,92858
499.8,92858
499.87,92855
499.94,92861
500.01,92856
500.08,92857
500.15,92855
500.22,92855
500.29,92853
500.36,92856
500.43,92854
500.5,92853
500.57,92852
500.64,92850
500.71,92848
500.78,92847
500.85,92847
500.92,92845
500.99,92842
501.06,92843
501.13,92840
501.2,92841
501.27,92837
501.34,92840
501.41,92838
501.48,92837
501.55,92838
501.62,92834
501.69,92835
501.76,92829
501.83,92829
