mission_time,celsius
0.0,19.55
0.07,19.54
0.14,19.54
0.21,19.55
0.28,19.55
0.35,19.54
0.42,19.55
0.49,19.55
0.56,19.55
0.63,19.55
0.7,19.55
0.77,19.55
0.84,19.55
0.91,19.55
0.98,19.55
1.05,19.55
1.12,19.55
1.19,19.55
1.26,19.56
1.33,19.55
1.4,19.55
1.47,19.55
1.54,19.55
1.61,19.55
1.68,19.55
1.75,19.55
1.82,19.56
1.89,19.55
1.96,19.55
2.03,19.56
2.1,19.55
2.17,19.55
2.24,19.55
2.31,19.55
2.38,19.56
2.45,19.55
2.52,19.56
2.59,19.56
2.66,19.56
2.73,19.55
2.8,19.56
2.87,19.55
2.94,19.56
3.01,19.56
3.08,19.56
3.15,19.56
3.22,19.56
3.29,19.56
3.36,19.56
3.43,19.56
3.5,19.56
3.57,19.56
3.64,19.56
3.71,19.56
3.78,19.56
3.85,19.56
3.92,19.56
3.99,19.56
4.06,19.56
4.13,19.56
4.2,19.56
4.27,19.56
4.34,19.56
4.41,19.56
4.48,19.56
4.55,19.56
4.62,19.56
4.69,19.56
4.76,19.56
4.83,19.56
4.9,19.57
4.97,19.56
5.04,19.56
5.11,19.57
5.18,19.56
5.25,19.57
5.32,19.56
5.39,19.56
5.46,19.57
5.53,19.57
5.6,19.56
5.67,19.56
5.74,19.57
5.81,19.57
5.88,19.57
5.95,19.57
6.02,19.57
6.09,19.57
6.16,19.57
6.23,19.57
6.3,19.57
6.37,19.57
6.44,19.57
6.51,19.57
6.58,19.57
6.65,19.57
6.72,19.57
6.79,19.57
6.86,19.57
6.93,19.57
7.0,19.57
7.07,19.57
7.14,19.57
7.21,19.57
7.28,19.57
7.35,19.57
7.42,19.57
7.49,19.57
7.56,19.57
7.63,19.57
7.7,19.57
7.77,19.57
7.84,19.57
7.91,19.57
7.98,19.57
8.05,19.57
8.12,19.57
8.19,19.57
8.26,19.57
8.33,19.57
8.4,19.57
8.47,19.57
8.54,19.57
8.61,19.57
8.68,19.57
8.75,19.57
8.82,19.57
8.89,19.57
8.96,19.57
9.03,19.57
9.1,19.57
9.17,19.57
9.24,19.57
9.31,19.57
9.38,19.57
9.45,19.57
9.52,19.58
9.59,19.57
9.66,19.58
9.73,19.57
9.8,19.58
9.87,19.58
9.94,19.58
10.01,19.58
10.08,19.57
10.15,19.58
10.22,19.58
10.29,19.58
10.36,19.58
10.43,19.58
10.5,19.58
10.57,19.58
10.64,19.58
10.71,19.58
10.78,19.58
10.85,19.58
10.92,19.58
10.99,19.58
11.06,19.58
11.13,19.58
11.2,19.58
11.27,19.58
11.34,19.58
11.41,19.58
11.48,19.58
11.55,19.58
11.62,19.58
11.69,19.58
11.76,19.58
11.83,19.58
11.9,19.58
11.97,19.58
12.04,19.58
12.11,19.58
12.18,19.58
12.25,19.58
12.32,19.58
12.39,19.58
12.46,19.58
12.53,19.58
12.6,19.59
12.67,19.58
12.74,19.58
12.81,19.58
12.88,19.58
12.95,19.59
13.02,19.59
13.09,19.58
13.16,19.58
13.23,19.59
13.3,19.59
13.37,19.59
13.44,19.59
13.51,19.59
13.58,19.59
13.65,19.59
13.72,19.59
13.79,19.59
13.86,19.59
13.93,19.59
14.0,19.59
14.07,19.59
14.14,19.59
14.21,19.59
14.28,19.59
14.35,19.59
14.42,19.59
14.49,19.59
14.56,19.59
14.63,19.59
14.7,19.59
14.77,19.59
14.84,19.59
14.91,19.59
14.98,19.59
15.05,19.59
15.12,19.6
15.19,19.6
15.26,19.6
15.33,19.59
15.4,19.6
15.47,19.6
15.54,19.6
15.61,19.6
15.68,19.6
15.75,19.6
15.82,19.6
15.89,19.6
15.96,19.6
16.03,19.6
16.1,19.6
16.17,19.6
16.24,19.6
16.31,19.6
16.38,19.6
16.45,19.6
16.52,19.6
16.59,19.6
16.66,19.6
16.73,19.6
16.8,19.6
16.87,19.6
16.94,19.6
17.01,19.6
17.08,19.6
17.15,19.6
17.22,19.6
17.29,19.6
17.36,19.6
17.43,19.6
17.5,19.6
17.57,19.6
17.64,19.6
17.71,19.6
17.78,19.6
17.85,19.6
17.92,19.6
17.99,19.6
18.06,19.6
18.13,19.6
18.2,19.6
18.27,19.6
18.34,19.6
18.41,19.6
18.48,19.6
18.55,19.6
18.62,19.61
18.69,19.61
18.76,19.6
18.83,19.6
18.9,19.61
18.97,19.61
19.04,19.61
19.11,19.61
19.18,19.6
19.25,19.61
19.32,19.6
19.39,19.61
19.46,19.61
19.53,19.61
19.6,19.61
19.67,19.61
19.74,19.61
19.81,19.61
19.88,19.61
19.95,19.61
20.02,19.61
20.09,19.61
20.16,19.61
20.23,19.61
20.3,19.61
20.37,19.61
20.44,19.61
20.51,19.61
20.58,19.61
20.65,19.6
20.72,19.6
20.79,19.6
20.86,19.59
20.93,19.59
21.0,19.59
21.07,19.59
21.14,19.58
21.21,19.58
21.28,19.57
21.35,19.57
21.42,19.57
21.49,19.56
21.56,19.56
21.63,19.56
21.7,19.55
21.77,19.55
21.84,19.55
21.91,19.55
21.98,19.54
22.05,19.54
22.12,19.53
22.19,19.54
22.26,19.53
22.33,19.53
22.4,19.53
22.47,19.53
22.54,19.53
22.61,19.53
22.68,19.53
22.75,19.53
22.82,19.53
22.89,19.53
22.96,19.53
23.03,19.53
23.1,19.53
23.17,19.53
23.24,19.53
23.31,19.53
23.38,19.53
23.45,19.53
23.52,19.53
23.59,19.52
23.66,19.52
23.73,19.52
23.8,19.51
23.87,19.51
23.94,19.51
24.01,19.51
24.08,19.5
24.15,19.49
24.22,19.48
24.29,19.48
24.36,19.48
24.43,19.48
24.5,19.48
24.57,19.48
24.64,19.47
24.71,19.47
24.78,19.45
24.85,19.44
24.92,19.46
24.99,19.46
25.06,19.47
25.13,19.46
25.2,19.47
25.27,19.46
25.34,19.44
25.41,19.43
25.48,19.44
25.55,19.46
25.62,19.47
25.69,19.47
25.76,19.47
25.83,19.46
25.9,19.43
25.97,19.41
26.04,19.43
26.11,19.46
26.18,19.46
26.25,19.46
26.32,19.46
26.39,19.44
26.46,19.42
26.53,19.44
26.6,19.47
26.67,19.46
26.74,19.46
26.81,19.46
26.88,19.42
26.95,19.44
27.02,19.46
27.09,19.47
27.16,19.47
27.23,19.45
27.3,19.42
27.37,19.46
27.44,19.48
27.51,19.48
27.58,19.46
27.65,19.43
27.72,19.46
27.79,19.48
27.86,19.48
27.93,19.46
28.0,19.44
28.07,19.46
28.14,19.48
28.21,19.48
28.28,19.46
28.35,19.45
28.42,19.48
28.49,19.49
28.56,19.48
28.63,19.45
28.7,19.47
28.77,19.49
28.84,19.49
28.91,19.46
28.98,19.46
29.05,19.49
29.12,19.49
29.19,19.49
29.26,19.47
29.33,19.49
29.4,19.5
29.47,19.5
29.54,19.47
29.61,19.47
29.68,19.5
29.75,19.51
29.82,19.5
29.89,19.46
29.96,19.49
30.03,19.51
30.1,19.51
30.17,19.49
30.24,19.47
30.31,19.51
30.38,19.51
30.45,19.51
30.52,19.48
30.59,19.49
30.66,19.51
30.73,19.52
30.8,19.51
30.87,19.48
30.94,19.5
31.01,19.52
31.08,19.53
31.15,19.52
31.22,19.48
31.29,19.5
31.36,19.52
31.43,19.52
31.5,19.52
31.57,19.49
31.64,19.48
31.71,19.52
31.78,19.52
31.85,19.53
31.92,19.5
31.99,19.47
32.06,19.52
32.13,19.53
32.2,19.54
32.27,19.5
32.34,19.48
32.41,19.54
32.48,19.55
32.55,19.51
32.62,19.47
32.69,19.53
32.76,19.56
32.83,19.56
32.9,19.52
32.97,19.48
33.04,19.53
33.11,19.56
33.18,19.57
33.25,19.53
33.32,19.47
33.39,19.53
33.46,19.57
33.53,19.58
33.6,19.56
33.67,19.49
33.74,19.51
33.81,19.58
33.88,19.58
33.95,19.58
34.02,19.52
34.09,19.5
34.16,19.56
34.23,19.59
34.3,19.59
34.37,19.58
34.44,19.51
34.51,19.52
34.58,19.59
34.65,19.6
34.72,19.6
34.79,19.58
34.86,19.51
34.93,19.53
35.0,19.6
35.07,19.6
35.14,19.61
35.21,19.59
35.28,19.52
35.35,19.53
35.42,19.6
35.49,19.61
35.56,19.62
35.63,19.61
35.7,19.55
35.77,19.52
35.84,19.59
35.91,19.62
35.98,19.62
36.05,19.62
36.12,19.59
36.19,19.52
36.26,19.55
36.33,19.62
36.4,19.62
36.47,19.62
36.54,19.62
36.61,19.57
36.68,19.52
36.75,19.58
36.82,19.63
36.89,19.63
36.96,19.63
37.03,19.62
37.1,19.58
37.17,19.54
37.24,19.59
37.31,19.64
37.38,19.64
37.45,19.64
37.52,19.64
37.59,19.6
37.66,19.56
37.73,19.6
37.8,19.65
37.87,19.65
37.94,19.65
38.01,19.65
38.08,19.61
38.15,19.57
38.22,19.61
38.29,19.66
38.36,19.66
38.43,19.67
38.5,19.66
38.57,19.61
38.64,19.59
38.71,19.63
38.78,19.67
38.85,19.67
38.92,19.68
38.99,19.66
39.06,19.61
39.13,19.61
39.2,19.67
39.27,19.68
39.34,19.69
39.41,19.68
39.48,19.62
39.55,19.62
39.62,19.67
39.69,19.69
39.76,19.71
39.83,19.69
39.9,19.64
39.97,19.62
40.04,19.67
40.11,19.71
40.18,19.72
40.25,19.71
40.32,19.67
40.39,19.63
40.46,19.66
40.53,19.72
40.6,19.72
40.67,19.72
40.74,19.7
40.81,19.63
40.88,19.64
40.95,19.71
41.02,19.73
41.09,19.73
41.16,19.73
41.23,19.67
41.3,19.63
41.37,19.68
41.44,19.73
41.51,19.73
41.58,19.74
41.65,19.73
41.72,19.66
41.79,19.64
41.86,19.69
41.93,19.74
42.0,19.74
42.07,19.74
42.14,19.73
42.21,19.66
42.28,19.65
42.35,19.71
42.42,19.74
42.49,19.75
42.56,19.75
42.63,19.74
42.7,19.67
42.77,19.65
42.84,19.71
42.91,19.75
42.98,19.75
43.05,19.76
43.12,19.76
43.19,19.72
43.26,19.66
43.33,19.68
43.4,19.75
43.47,19.76
43.54,19.77
43.61,19.77
43.68,19.76
43.75,19.71
43.82,19.67
43.89,19.72
43.96,19.77
44.03,19.78
44.1,19.78
44.17,19.78
44.24,19.77
44.31,19.72
44.38,19.68
44.45,19.72
44.52,19.77
44.59,19.78
44.66,19.78
44.73,19.78
44.8,19.78
44.87,19.75
44.94,19.7
45.01,19.71
45.08,19.76
45.15,19.78
45.22,19.78
45.29,19.79
45.36,19.79
45.43,19.78
45.5,19.74
45.57,19.72
45.64,19.74
45.71,19.78
45.78,19.8
45.85,19.8
45.92,19.8
45.99,19.81
46.06,19.79
46.13,19.76
46.2,19.73
46.27,19.74
46.34,19.78
46.41,19.81
46.48,19.81
46.55,19.81
46.62,19.82
46.69,19.81
46.76,19.79
46.83,19.75
46.9,19.73
46.97,19.76
47.04,19.79
47.11,19.82
47.18,19.82
47.25,19.83
47.32,19.83
47.39,19.83
47.46,19.8
47.53,19.76
47.6,19.74
47.67,19.75
47.74,19.79
47.81,19.83
47.88,19.83
47.95,19.83
48.02,19.84
48.09,19.84
48.16,19.83
48.23,19.8
48.3,19.77
48.37,19.75
48.44,19.77
48.51,19.81
48.58,19.83
48.65,19.84
48.72,19.84
48.79,19.85
48.86,19.86
48.93,19.85
49.0,19.82
49.07,19.78
49.14,19.77
49.21,19.77
49.28,19.79
49.35,19.83
49.42,19.85
49.49,19.87
49.56,19.87
49.63,19.87
49.7,19.88
49.77,19.87
49.84,19.84
49.91,19.8
49.98,19.77
50.05,19.77
50.12,19.78
50.19,19.83
50.26,19.87
50.33,19.87
50.4,19.88
50.47,19.89
50.54,19.89
50.61,19.89
50.68,19.88
50.75,19.85
50.82,19.8
50.89,19.78
50.96,19.78
51.03,19.79
51.1,19.83
51.17,19.87
51.24,19.89
51.31,19.89
51.38,19.89
51.45,19.9
51.52,19.91
51.59,19.9
51.66,19.89
51.73,19.85
51.8,19.81
51.87,19.78
51.94,19.78
52.01,19.8
52.08,19.84
52.15,19.88
52.22,19.9
52.29,19.91
52.36,19.91
52.43,19.92
52.5,19.92
52.57,19.92
52.64,19.92
52.71,19.9
52.78,19.87
52.85,19.83
52.92,19.81
52.99,19.81
53.06,19.83
53.13,19.87
53.2,19.9
53.27,19.92
53.34,19.92
53.41,19.92
53.48,19.93
53.55,19.93
53.62,19.94
53.69,19.93
53.76,19.93
53.83,19.9
53.9,19.87
53.97,19.84
54.04,19.83
54.11,19.84
54.18,19.87
54.25,19.89
54.32,19.92
54.39,19.93
54.46,19.94
54.53,19.94
54.6,19.94
54.67,19.94
54.74,19.94
54.81,19.94
54.88,19.93
54.95,19.92
55.02,19.89
55.09,19.85
55.16,19.83
55.23,19.83
55.3,19.84
55.37,19.87
55.44,19.9
55.51,19.92
55.58,19.94
55.65,19.93
55.72,19.94
55.79,19.94
55.86,19.95
55.93,19.95
56.0,19.95
56.07,19.95
56.14,19.95
56.21,19.95
56.28,19.95
56.35,19.95
56.42,19.96
56.49,19.96
56.56,19.96
56.63,19.96
56.7,19.96
56.77,19.96
56.84,19.95
56.91,19.95
56.98,19.95
57.05,19.94
57.12,19.94
57.19,19.94
57.26,19.94
57.33,19.94
57.4,19.93
57.47,19.91
57.54,19.91
57.61,19.91
57.68,19.89
57.75,19.87
57.82,19.85
57.89,19.88
57.96,19.92
58.03,19.93
58.1,19.94
58.17,19.94
58.24,19.95
58.31,19.94
58.38,19.94
58.45,19.94
58.52,19.94
58.59,19.94
58.66,19.93
58.73,19.94
58.8,19.94
58.87,19.94
58.94,19.94
59.01,19.94
59.08,19.94
59.15,19.94
59.22,19.95
59.29,19.95
59.36,19.95
59.43,19.95
59.5,19.94
59.57,19.94
59.64,19.94
59.71,19.94
59.78,19.94
59.85,19.94
59.92,19.94
59.99,19.93
60.06,19.93
60.13,19.92
60.2,19.9
60.27,19.88
60.34,19.88
60.41,19.89
60.48,19.89
60.55,19.91
60.62,19.93
60.69,19.93
60.76,19.93
60.83,19.94
60.9,19.94
60.97,19.95
61.04,19.95
61.11,19.95
61.18,19.95
61.25,19.95
61.32,19.95
61.39,19.95
61.46,19.95
61.53,19.95
61.6,19.95
61.67,19.95
61.74,19.95
61.81,19.95
61.88,19.95
61.95,19.95
62.02,19.95
62.09,19.96
62.16,19.96
62.23,19.96
62.3,19.96
62.37,19.95
62.44,19.95
62.51,19.95
62.58,19.95
62.65,19.95
62.72,19.95
62.79,19.96
62.86,19.96
62.93,19.96
63.0,19.96
63.07,19.96
63.14,19.96
63.21,19.96
63.28,19.95
63.35,19.95
63.42,19.95
63.49,19.93
63.56,19.93
63.63,19.92
63.7,19.92
63.77,19.93
63.84,19.94
63.91,19.96
63.98,19.96
64.05,19.96
64.12,19.96
64.19,19.96
64.26,19.96
64.33,19.96
64.4,19.95
64.47,19.94
64.54,19.93
64.61,19.94
64.68,19.93
64.75,19.93
64.82,19.94
64.89,19.92
64.96,19.93
65.03,19.95
65.1,19.97
65.17,19.97
65.24,19.97
65.31,19.97
65.38,19.97
65.45,19.96
65.52,19.95
65.59,19.93
65.66,19.91
65.73,19.89
65.8,19.9
65.87,19.92
65.94,19.94
66.01,19.96
66.08,19.97
66.15,19.96
66.22,19.96
66.29,19.96
66.36,19.95
66.43,19.93
66.5,19.92
66.57,19.9
66.64,19.89
66.71,19.89
66.78,19.89
66.85,19.88
66.92,19.89
66.99,19.9
67.06,19.91
67.13,19.91
67.2,19.91
67.27,19.92
67.34,19.95
67.41,19.96
67.48,19.96
67.55,19.96
67.62,19.96
67.69,19.96
67.76,19.96
67.83,19.96
67.9,19.96
67.97,19.96
68.04,19.96
68.11,19.96
68.18,19.96
68.25,19.96
68.32,19.96
68.39,19.96
68.46,19.96
68.53,19.96
68.6,19.95
68.67,19.94
68.74,19.94
68.81,19.93
68.88,19.93
68.95,19.93
69.02,19.92
69.09,19.92
69.16,19.93
69.23,19.93
69.3,19.95
69.37,19.97
69.44,19.97
69.51,19.98
69.58,19.98
69.65,19.97
69.72,19.97
69.79,19.97
69.86,19.97
69.93,19.97
70.0,19.96
70.07,19.96
70.14,19.96
70.21,19.96
70.28,19.96
70.35,19.95
70.42,19.95
70.49,19.93
70.56,19.92
70.63,19.9
70.7,19.9
70.77,19.91
70.84,19.94
70.91,19.95
70.98,19.96
71.05,19.96
71.12,19.96
71.19,19.96
71.26,19.96
71.33,19.96
71.4,19.96
71.47,19.96
71.54,19.95
71.61,19.94
71.68,19.93
71.75,19.93
71.82,19.93
71.89,19.92
71.96,19.92
72.03,19.93
72.1,19.93
72.17,19.93
72.24,19.92
72.31,19.92
72.38,19.93
72.45,19.93
72.52,19.93
72.59,19.94
72.66,19.93
72.73,19.93
72.8,19.93
72.87,19.92
72.94,19.92
73.01,19.91
73.08,19.91
73.15,19.9
73.22,19.89
73.29,19.89
73.36,19.91
73.43,19.94
73.5,19.95
73.57,19.96
73.64,19.96
73.71,19.96
73.78,19.96
73.85,19.96
73.92,19.96
73.99,19.96
74.06,19.96
74.13,19.96
74.2,19.96
74.27,19.96
74.34,19.96
74.41,19.95
74.48,19.95
74.55,19.96
74.62,19.95
74.69,19.96
74.76,19.95
74.83,19.95
74.9,19.95
74.97,19.95
75.04,19.95
75.11,19.95
75.18,19.95
75.25,19.95
75.32,19.95
75.39,19.95
75.46,19.95
75.53,19.94
75.6,19.95
75.67,19.94
75.74,19.94
75.81,19.94
75.88,19.94
75.95,19.94
76.02,19.92
76.09,19.9
76.16,19.9
76.23,19.9
76.3,19.9
76.37,19.91
76.44,19.92
76.51,19.93
76.58,19.93
76.65,19.93
76.72,19.94
76.79,19.94
76.86,19.93
76.93,19.94
77.0,19.94
77.07,19.94
77.14,19.94
77.21,19.93
77.28,19.93
77.35,19.94
77.42,19.94
77.49,19.93
77.56,19.92
77.63,19.92
77.7,19.92
77.77,19.91
77.84,19.89
77.91,19.87
77.98,19.85
78.05,19.85
78.12,19.87
78.19,19.88
78.26,19.89
78.33,19.89
78.4,19.9
78.47,19.9
78.54,19.91
78.61,19.92
78.68,19.92
78.75,19.9
78.82,19.89
78.89,19.89
78.96,19.89
79.03,19.91
79.1,19.92
79.17,19.92
79.24,19.92
79.31,19.92
79.38,19.93
79.45,19.93
79.52,19.93
79.59,19.93
79.66,19.93
79.73,19.91
79.8,19.9
79.87,19.89
79.94,19.89
80.01,19.9
80.08,19.93
80.15,19.93
80.22,19.94
80.29,19.94
80.36,19.94
80.43,19.94
80.5,19.94
80.57,19.94
80.64,19.94
80.71,19.93
80.78,19.93
80.85,19.94
80.92,19.94
80.99,19.93
81.06,19.93
81.13,19.91
81.2,19.89
81.27,19.87
81.34,19.87
81.41,19.89
81.48,19.92
81.55,19.94
81.62,19.94
81.69,19.94
81.76,19.94
81.83,19.94
81.9,19.94
81.97,19.93
82.04,19.93
82.11,19.93
82.18,19.93
82.25,19.93
82.32,19.93
82.39,19.92
82.46,19.92
82.53,19.92
82.6,19.92
82.67,19.92
82.74,19.92
82.81,19.92
82.88,19.91
82.95,19.91
83.02,19.89
83.09,19.88
83.16,19.87
83.23,19.87
83.3,19.88
83.37,19.89
83.44,19.9
83.51,19.91
83.58,19.9
83.65,19.9
83.72,19.89
83.79,19.89
83.86,19.88
83.93,19.88
84.0,19.87
84.07,19.87
84.14,19.87
84.21,19.88
84.28,19.89
84.35,19.9
84.42,19.91
84.49,19.91
84.56,19.91
84.63,19.92
84.7,19.91
84.77,19.91
84.84,19.91
84.91,19.91
84.98,19.91
85.05,19.91
85.12,19.9
85.19,19.9
85.26,19.9
85.33,19.9
85.4,19.89
85.47,19.89
85.54,19.89
85.61,19.89
85.68,19.88
85.75,19.88
85.82,19.88
85.89,19.89
85.96,19.89
86.03,19.89
86.1,19.89
86.17,19.88
86.24,19.88
86.31,19.87
86.38,19.87
86.45,19.88
86.52,19.88
86.59,19.88
86.66,19.87
86.73,19.87
86.8,19.88
86.87,19.88
86.94,19.88
87.01,19.88
87.08,19.88
87.15,19.88
87.22,19.88
87.29,19.88
87.36,19.88
87.43,19.88
87.5,19.88
87.57,19.88
87.64,19.88
87.71,19.87
87.78,19.87
87.85,19.87
87.92,19.87
87.99,19.87
88.06,19.86
88.13,19.84
88.2,19.83
88.27,19.81
88.34,19.8
88.41,19.81
88.48,19.81
88.55,19.81
88.62,19.8
88.69,19.79
88.76,19.79
88.83,19.79
88.9,19.81
88.97,19.8
89.04,19.8
89.11,19.8
89.18,19.81
89.25,19.82
89.32,19.83
89.39,19.83
89.46,19.84
89.53,19.85
89.6,19.85
89.67,19.85
89.74,19.85
89.81,19.85
89.88,19.85
89.95,19.84
90.02,19.84
90.09,19.83
90.16,19.83
90.23,19.84
90.3,19.83
90.37,19.83
90.44,19.83
90.51,19.82
90.58,19.82
90.65,19.83
90.72,19.83
90.79,19.83
90.86,19.83
90.93,19.82
91.0,19.8
91.07,19.78
91.14,19.78
91.21,19.78
91.28,19.78
91.35,19.79
91.42,19.79
91.49,19.78
91.56,19.78
91.63,19.78
91.7,19.78
91.77,19.78
91.84,19.78
91.91,19.78
91.98,19.78
92.05,19.81
92.12,19.82
92.19,19.82
92.26,19.83
92.33,19.83
92.4,19.83
92.47,19.82
92.54,19.82
92.61,19.82
92.68,19.81
92.75,19.81
92.82,19.81
92.89,19.81
92.96,19.8
93.03,19.8
93.1,19.78
93.17,19.78
93.24,19.78
93.31,19.8
93.38,19.8
93.45,19.8
93.52,19.8
93.59,19.8
93.66,19.8
93.73,19.8
93.8,19.8
93.87,19.8
93.94,19.79
94.01,19.79
94.08,19.79
94.15,19.79
94.22,19.79
94.29,19.79
94.36,19.78
94.43,19.78
94.5,19.77
94.57,19.76
94.64,19.76
94.71,19.77
94.78,19.78
94.85,19.78
94.92,19.78
94.99,19.78
95.06,19.78
95.13,19.78
95.2,19.78
95.27,19.78
95.34,19.78
95.41,19.78
95.48,19.78
95.55,19.78
95.62,19.78
95.69,19.78
95.76,19.78
95.83,19.78
95.9,19.77
95.97,19.77
96.04,19.77
96.11,19.77
96.18,19.77
96.25,19.77
96.32,19.76
96.39,19.76
96.46,19.75
96.53,19.74
96.6,19.73
96.67,19.73
96.74,19.73
96.81,19.73
96.88,19.74
96.95,19.74
97.02,19.75
97.09,19.75
97.16,19.74
97.23,19.74
97.3,19.74
97.37,19.74
97.44,19.74
97.51,19.74
97.58,19.73
97.65,19.73
97.72,19.73
97.79,19.73
97.86,19.73
97.93,19.72
98.0,19.71
98.07,19.68
98.14,19.68
98.21,19.67
98.28,19.68
98.35,19.68
98.42,19.69
98.49,19.71
98.56,19.72
98.63,19.73
98.7,19.73
98.77,19.73
98.84,19.73
98.91,19.73
98.98,19.73
99.05,19.72
99.12,19.73
99.19,19.72
99.26,19.72
99.33,19.72
99.4,19.72
99.47,19.72
99.54,19.71
99.61,19.71
99.68,19.71
99.75,19.69
99.82,19.7
99.89,19.69
99.96,19.69
100.03,19.69
100.1,19.69
100.17,19.69
100.24,19.69
100.31,19.69
100.38,19.69
100.45,19.69
100.52,19.68
100.59,19.68
100.66,19.68
100.73,19.68
100.8,19.68
100.87,19.68
100.94,19.67
101.01,19.67
101.08,19.67
101.15,19.67
101.22,19.66
101.29,19.65
101.36,19.63
101.43,19.62
101.5,19.61
101.57,19.61
101.64,19.61
101.71,19.62
101.78,19.62
101.85,19.62
101.92,19.62
101.99,19.62
102.06,19.62
102.13,19.62
102.2,19.62
102.27,19.61
102.34,19.61
102.41,19.6
102.48,19.61
102.55,19.61
102.62,19.61
102.69,19.61
102.76,19.61
102.83,19.6
102.9,19.6
102.97,19.61
103.04,19.62
103.11,19.62
103.18,19.62
103.25,19.62
103.32,19.63
103.39,19.63
103.46,19.64
103.53,19.64
103.6,19.64
103.67,19.64
103.74,19.64
103.81,19.64
103.88,19.64
103.95,19.64
104.02,19.64
104.09,19.64
104.16,19.64
104.23,19.64
104.3,19.63
104.37,19.63
104.44,19.63
104.51,19.63
104.58,19.63
104.65,19.63
104.72,19.63
104.79,19.63
104.86,19.63
104.93,19.62
105.0,19.62
105.07,19.62
105.14,19.62
105.21,19.63
105.28,19.63
105.35,19.62
105.42,19.62
105.49,19.62
105.56,19.62
105.63,19.62
105.7,19.62
105.77,19.61
105.84,19.61
105.91,19.61
105.98,19.61
106.05,19.6
106.12,19.6
106.19,19.6
106.26,19.6
106.33,19.59
106.4,19.58
106.47,19.56
106.54,19.56
106.61,19.56
106.68,19.58
106.75,19.59
106.82,19.59
106.89,19.59
106.96,19.59
107.03,19.58
107.1,19.58
107.17,19.58
107.24,19.58
107.31,19.56
107.38,19.54
107.45,19.52
107.52,19.51
107.59,19.51
107.66,19.51
107.73,19.53
107.8,19.56
107.87,19.57
107.94,19.57
108.01,19.57
108.08,19.56
108.15,19.56
108.22,19.54
108.29,19.51
108.36,19.5
108.43,19.5
108.5,19.5
108.57,19.51
108.64,19.52
108.71,19.53
108.78,19.53
108.85,19.53
108.92,19.52
108.99,19.52
109.06,19.51
109.13,19.5
109.2,19.49
109.27,19.48
109.34,19.47
109.41,19.47
109.48,19.46
109.55,19.47
109.62,19.46
109.69,19.48
109.76,19.5
109.83,19.51
109.9,19.51
109.97,19.51
110.04,19.51
110.11,19.51
110.18,19.51
110.25,19.51
110.32,19.51
110.39,19.5
110.46,19.5
110.53,19.5
110.6,19.49
110.67,19.48
110.74,19.47
110.81,19.46
110.88,19.46
110.95,19.47
111.02,19.47
111.09,19.47
111.16,19.47
111.23,19.47
111.3,19.48
111.37,19.49
111.44,19.49
111.51,19.49
111.58,19.49
111.65,19.49
111.72,19.49
111.79,19.49
111.86,19.48
111.93,19.48
112.0,19.48
112.07,19.47
112.14,19.46
112.21,19.46
112.28,19.46
112.35,19.47
112.42,19.47
112.49,19.47
112.56,19.47
112.63,19.47
112.7,19.47
112.77,19.46
112.84,19.46
112.91,19.47
112.98,19.46
113.05,19.45
113.12,19.45
113.19,19.45
113.26,19.45
113.33,19.46
113.4,19.46
113.47,19.45
113.54,19.45
113.61,19.45
113.68,19.45
113.75,19.45
113.82,19.45
113.89,19.44
113.96,19.44
114.03,19.43
114.1,19.42
114.17,19.41
114.24,19.41
114.31,19.42
114.38,19.43
114.45,19.43
114.52,19.43
114.59,19.42
114.66,19.42
114.73,19.4
114.8,19.37
114.87,19.35
114.94,19.35
115.01,19.36
115.08,19.36
115.15,19.36
115.22,19.37
115.29,19.37
115.36,19.39
115.43,19.4
115.5,19.4
115.57,19.4
115.64,19.4
115.71,19.39
115.78,19.38
115.85,19.37
115.92,19.36
115.99,19.35
116.06,19.35
116.13,19.34
116.2,19.34
116.27,19.34
116.34,19.35
116.41,19.36
116.48,19.37
116.55,19.37
116.62,19.37
116.69,19.37
116.76,19.37
116.83,19.36
116.9,19.36
116.97,19.36
117.04,19.36
117.11,19.36
117.18,19.35
117.25,19.33
117.32,19.31
117.39,19.32
117.46,19.35
117.53,19.35
117.6,19.35
117.67,19.35
117.74,19.34
117.81,19.34
117.88,19.33
117.95,19.33
118.02,19.31
118.09,19.3
118.16,19.28
118.23,19.29
118.3,19.31
118.37,19.32
118.44,19.32
118.51,19.32
118.58,19.32
118.65,19.31
118.72,19.31
118.79,19.29
118.86,19.27
118.93,19.27
119.0,19.29
119.07,19.3
119.14,19.31
119.21,19.31
119.28,19.32
119.35,19.32
119.42,19.31
119.49,19.31
119.56,19.31
119.63,19.31
119.7,19.3
119.77,19.3
119.84,19.29
119.91,19.27
119.98,19.27
120.05,19.29
120.12,19.31
120.19,19.31
120.26,19.3
120.33,19.3
120.4,19.3
120.47,19.28
120.54,19.27
120.61,19.27
120.68,19.29
120.75,19.29
120.82,19.28
120.89,19.28
120.96,19.27
121.03,19.27
121.1,19.26
121.17,19.25
121.24,19.24
121.31,19.23
121.38,19.22
121.45,19.21
121.52,19.2
121.59,19.19
121.66,19.19
121.73,19.19
121.8,19.19
121.87,19.19
121.94,19.19
122.01,19.19
122.08,19.19
122.15,19.19
122.22,19.18
122.29,19.17
122.36,19.16
122.43,19.17
122.5,19.16
122.57,19.17
122.64,19.18
122.71,19.2
122.78,19.21
122.85,19.21
122.92,19.23
122.99,19.23
123.06,19.23
123.13,19.23
123.2,19.21
123.27,19.21
123.34,19.2
123.41,19.18
123.48,19.17
123.55,19.16
123.62,19.16
123.69,19.16
123.76,19.17
123.83,19.17
123.9,19.17
123.97,19.17
124.04,19.16
124.11,19.16
124.18,19.17
124.25,19.18
124.32,19.17
124.39,19.17
124.46,19.17
124.53,19.17
124.6,19.16
124.67,19.16
124.74,19.16
124.81,19.15
124.88,19.15
124.95,19.15
125.02,19.14
125.09,19.14
125.16,19.14
125.23,19.15
125.3,19.14
125.37,19.14
125.44,19.15
125.51,19.14
125.58,19.14
125.65,19.14
125.72,19.14
125.79,19.14
125.86,19.14
125.93,19.14
126.0,19.13
126.07,19.13
126.14,19.13
126.21,19.13
126.28,19.13
126.35,19.13
126.42,19.13
126.49,19.13
126.56,19.13
126.63,19.13
126.7,19.12
126.77,19.12
126.84,19.12
126.91,19.12
126.98,19.11
127.05,19.11
127.12,19.11
127.19,19.11
127.26,19.11
127.33,19.11
127.4,19.11
127.47,19.11
127.54,19.1
127.61,19.1
127.68,19.1
127.75,19.09
127.82,19.07
127.89,19.04
127.96,19.03
128.03,19.02
128.1,19.01
128.17,19.0
128.24,19.0
128.31,18.99
128.38,18.99
128.45,19.0
128.52,19.0
128.59,19.01
128.66,19.01
128.73,19.02
128.8,19.03
128.87,19.04
128.94,19.05
129.01,19.05
129.08,19.05
129.15,19.05
129.22,19.05
129.29,19.05
129.36,19.05
129.43,19.04
129.5,19.05
129.57,19.04
129.64,19.04
129.71,19.04
129.78,19.03
129.85,19.02
129.92,19.0
129.99,19.0
130.06,19.0
130.13,19.01
130.2,19.01
130.27,19.01
130.34,19.01
130.41,19.01
130.48,19.01
130.55,19.01
130.62,19.01
130.69,19.01
130.76,19.01
130.83,19.0
130.9,19.0
130.97,18.99
131.04,18.99
131.11,18.98
131.18,18.98
131.25,18.98
131.32,18.98
131.39,18.97
131.46,18.98
131.53,18.98
131.6,18.98
131.67,18.98
131.74,18.98
131.81,18.98
131.88,18.98
131.95,18.98
132.02,18.98
132.09,18.96
132.16,18.95
132.23,18.94
132.3,18.94
132.37,18.95
132.44,18.97
132.51,18.97
132.58,18.97
132.65,18.97
132.72,18.97
132.79,18.97
132.86,18.96
132.93,18.96
133.0,18.94
133.07,18.91
133.14,18.91
133.21,18.92
133.28,18.94
133.35,18.95
133.42,18.95
133.49,18.95
133.56,18.95
133.63,18.94
133.7,18.92
133.77,18.9
133.84,18.91
133.91,18.92
133.98,18.91
134.05,18.92
134.12,18.93
134.19,18.93
134.26,18.93
134.33,18.93
134.4,18.92
134.47,18.92
134.54,18.92
134.61,18.92
134.68,18.91
134.75,18.89
134.82,18.87
134.89,18.86
134.96,18.85
135.03,18.85
135.1,18.86
135.17,18.87
135.24,18.88
135.31,18.89
135.38,18.89
135.45,18.9
135.52,18.89
135.59,18.9
135.66,18.89
135.73,18.89
135.8,18.87
135.87,18.84
135.94,18.81
136.01,18.81
136.08,18.82
136.15,18.84
136.22,18.85
136.29,18.86
136.36,18.86
136.43,18.86
136.5,18.85
136.57,18.85
136.64,18.85
136.71,18.85
136.78,18.85
136.85,18.84
136.92,18.84
136.99,18.84
137.06,18.84
137.13,18.83
137.2,18.81
137.27,18.8
137.34,18.8
137.41,18.8
137.48,18.81
137.55,18.82
137.62,18.83
137.69,18.83
137.76,18.82
137.83,18.81
137.9,18.8
137.97,18.79
138.04,18.79
138.11,18.81
138.18,18.82
138.25,18.81
138.32,18.81
138.39,18.81
138.46,18.81
138.53,18.81
138.6,18.81
138.67,18.8
138.74,18.8
138.81,18.8
138.88,18.8
138.95,18.79
139.02,18.79
139.09,18.78
139.16,18.75
139.23,18.72
139.3,18.7
139.37,18.7
139.44,18.71
139.51,18.74
139.58,18.76
139.65,18.76
139.72,18.76
139.79,18.75
139.86,18.75
139.93,18.74
140.0,18.72
140.07,18.72
140.14,18.71
140.21,18.69
140.28,18.68
140.35,18.69
140.42,18.7
140.49,18.72
140.56,18.73
140.63,18.74
140.7,18.73
140.77,18.73
140.84,18.72
140.91,18.72
140.98,18.7
141.05,18.68
141.12,18.67
141.19,18.66
141.26,18.66
141.33,18.67
141.4,18.69
141.47,18.69
141.54,18.7
141.61,18.7
141.68,18.7
141.75,18.69
141.82,18.69
141.89,18.69
141.96,18.69
142.03,18.69
142.1,18.69
142.17,18.69
142.24,18.69
142.31,18.69
142.38,18.68
142.45,18.66
142.52,18.64
142.59,18.64
142.66,18.64
142.73,18.64
142.8,18.64
142.87,18.64
142.94,18.64
143.01,18.63
143.08,18.63
143.15,18.63
143.22,18.65
143.29,18.64
143.36,18.65
143.43,18.65
143.5,18.65
143.57,18.65
143.64,18.65
143.71,18.65
143.78,18.65
143.85,18.64
143.92,18.65
143.99,18.64
144.06,18.64
144.13,18.64
144.2,18.64
144.27,18.64
144.34,18.65
144.41,18.64
144.48,18.63
144.55,18.62
144.62,18.61
144.69,18.61
144.76,18.61
144.83,18.62
144.9,18.62
144.97,18.62
145.04,18.62
145.11,18.61
145.18,18.62
145.25,18.62
145.32,18.62
145.39,18.62
145.46,18.62
145.53,18.62
145.6,18.61
145.67,18.61
145.74,18.6
145.81,18.6
145.88,18.6
145.95,18.59
146.02,18.59
146.09,18.59
146.16,18.58
146.23,18.58
146.3,18.58
146.37,18.57
146.44,18.57
146.51,18.55
146.58,18.55
146.65,18.54
146.72,18.54
146.79,18.53
146.86,18.53
146.93,18.52
147.0,18.51
147.07,18.49
147.14,18.48
147.21,18.48
147.28,18.47
147.35,18.48
147.42,18.49
147.49,18.5
147.56,18.5
147.63,18.5
147.7,18.51
147.77,18.51
147.84,18.5
147.91,18.51
147.98,18.5
148.05,18.5
148.12,18.5
148.19,18.49
148.26,18.49
148.33,18.49
148.4,18.48
148.47,18.48
148.54,18.48
148.61,18.48
148.68,18.48
148.75,18.48
148.82,18.48
148.89,18.48
148.96,18.48
149.03,18.48
149.1,18.48
149.17,18.48
149.24,18.48
149.31,18.47
149.38,18.47
149.45,18.48
149.52,18.47
149.59,18.47
149.66,18.47
149.73,18.47
149.8,18.47
149.87,18.47
149.94,18.46
150.01,18.46
150.08,18.45
150.15,18.45
150.22,18.45
150.29,18.45
150.36,18.45
150.43,18.44
150.5,18.44
150.57,18.43
150.64,18.43
150.71,18.43
150.78,18.43
150.85,18.42
150.92,18.42
150.99,18.42
151.06,18.41
151.13,18.41
151.2,18.41
151.27,18.41
151.34,18.41
151.41,18.41
151.48,18.41
151.55,18.41
151.62,18.41
151.69,18.4
151.76,18.39
151.83,18.38
151.9,18.38
151.97,18.38
152.04,18.38
152.11,18.38
152.18,18.38
152.25,18.37
152.32,18.38
152.39,18.37
152.46,18.37
152.53,18.37
152.6,18.37
152.67,18.36
152.74,18.36
152.81,18.36
152.88,18.36
152.95,18.36
153.02,18.36
153.09,18.36
153.16,18.36
153.23,18.36
153.3,18.35
153.37,18.35
153.44,18.35
153.51,18.34
153.58,18.34
153.65,18.33
153.72,18.32
153.79,18.32
153.86,18.31
153.93,18.3
154.0,18.3
154.07,18.31
154.14,18.31
154.21,18.3
154.28,18.3
154.35,18.29
154.42,18.29
154.49,18.29
154.56,18.28
154.63,18.28
154.7,18.28
154.77,18.28
154.84,18.28
154.91,18.29
154.98,18.29
155.05,18.3
155.12,18.29
155.19,18.29
155.26,18.29
155.33,18.29
155.4,18.29
155.47,18.28
155.54,18.28
155.61,18.28
155.68,18.28
155.75,18.27
155.82,18.27
155.89,18.26
155.96,18.24
156.03,18.23
156.1,18.23
156.17,18.24
156.24,18.24
156.31,18.24
156.38,18.24
156.45,18.24
156.52,18.23
156.59,18.24
156.66,18.24
156.73,18.24
156.8,18.24
156.87,18.24
156.94,18.24
157.01,18.24
157.08,18.24
157.15,18.23
157.22,18.23
157.29,18.23
157.36,18.22
157.43,18.21
157.5,18.2
157.57,18.21
157.64,18.21
157.71,18.19
157.78,18.15
157.85,18.14
157.92,18.13
157.99,18.13
158.06,18.13
158.13,18.13
158.2,18.13
158.27,18.12
158.34,18.12
158.41,18.12
158.48,18.13
158.55,18.14
158.62,18.16
158.69,18.17
158.76,18.18
158.83,18.18
158.9,18.18
158.97,18.17
159.04,18.17
159.11,18.17
159.18,18.17
159.25,18.17
159.32,18.16
159.39,18.16
159.46,18.15
159.53,18.14
159.6,18.12
159.67,18.11
159.74,18.1
159.81,18.11
159.88,18.13
159.95,18.13
160.02,18.13
160.09,18.13
160.16,18.13
160.23,18.13
160.3,18.12
160.37,18.13
160.44,18.13
160.51,18.13
160.58,18.13
160.65,18.13
160.72,18.12
160.79,18.12
160.86,18.12
160.93,18.11
161.0,18.11
161.07,18.11
161.14,18.1
161.21,18.1
161.28,18.09
161.35,18.08
161.42,18.07
161.49,18.06
161.56,18.05
161.63,18.05
161.7,18.05
161.77,18.05
161.84,18.06
161.91,18.06
161.98,18.07
162.05,18.08
162.12,18.08
162.19,18.07
162.26,18.07
162.33,18.07
162.4,18.07
162.47,18.07
162.54,18.07
162.61,18.07
162.68,18.07
162.75,18.06
162.82,18.03
162.89,18.01
162.96,17.99
163.03,17.97
163.1,17.97
163.17,17.96
163.24,17.97
163.31,17.98
163.38,17.98
163.45,17.99
163.52,18.0
163.59,18.0
163.66,18.02
163.73,18.02
163.8,18.03
163.87,18.03
163.94,18.03
164.01,18.02
164.08,18.02
164.15,18.02
164.22,18.02
164.29,18.02
164.36,18.01
164.43,18.01
164.5,18.0
164.57,17.99
164.64,17.98
164.71,17.98
164.78,17.98
164.85,17.98
164.92,17.97
164.99,17.95
165.06,17.93
165.13,17.91
165.2,17.9
165.27,17.89
165.34,17.89
165.41,17.9
165.48,17.92
165.55,17.94
165.62,17.95
165.69,17.95
165.76,17.95
165.83,17.95
165.9,17.95
165.97,17.95
166.04,17.95
166.11,17.95
166.18,17.95
166.25,17.95
166.32,17.95
166.39,17.95
166.46,17.95
166.53,17.95
166.6,17.95
166.67,17.94
166.74,17.92
166.81,17.9
166.88,17.88
166.95,17.85
167.02,17.84
167.09,17.83
167.16,17.85
167.23,17.88
167.3,17.9
167.37,17.91
167.44,17.92
167.51,17.93
167.58,17.92
167.65,17.92
167.72,17.93
167.79,17.93
167.86,17.92
167.93,17.92
168.0,17.92
168.07,17.92
168.14,17.92
168.21,17.92
168.28,17.91
168.35,17.9
168.42,17.88
168.49,17.85
168.56,17.83
168.63,17.82
168.7,17.82
168.77,17.82
168.84,17.82
168.91,17.82
168.98,17.81
169.05,17.82
169.12,17.82
169.19,17.84
169.26,17.85
169.33,17.87
169.4,17.87
169.47,17.87
169.54,17.87
169.61,17.86
169.68,17.85
169.75,17.85
169.82,17.85
169.89,17.85
169.96,17.84
170.03,17.84
170.1,17.84
170.17,17.84
170.24,17.83
170.31,17.82
170.38,17.8
170.45,17.78
170.52,17.78
170.59,17.77
170.66,17.77
170.73,17.76
170.8,17.76
170.87,17.75
170.94,17.77
171.01,17.78
171.08,17.8
171.15,17.8
171.22,17.81
171.29,17.8
171.36,17.8
171.43,17.8
171.5,17.8
171.57,17.8
171.64,17.8
171.71,17.8
171.78,17.8
171.85,17.79
171.92,17.8
171.99,17.79
172.06,17.79
172.13,17.78
172.2,17.78
172.27,17.78
172.34,17.78
172.41,17.78
172.48,17.77
172.55,17.77
172.62,17.78
172.69,17.77
172.76,17.77
172.83,17.77
172.9,17.76
172.97,17.75
173.04,17.75
173.11,17.75
173.18,17.74
173.25,17.74
173.32,17.73
173.39,17.74
173.46,17.73
173.53,17.72
173.6,17.73
173.67,17.71
173.74,17.71
173.81,17.7
173.88,17.71
173.95,17.71
174.02,17.71
174.09,17.71
174.16,17.71
174.23,17.71
174.3,17.71
174.37,17.7
174.44,17.7
174.51,17.7
174.58,17.69
174.65,17.68
174.72,17.67
174.79,17.67
174.86,17.66
174.93,17.65
175.0,17.64
175.07,17.63
175.14,17.63
175.21,17.62
175.28,17.61
175.35,17.6
175.42,17.59
175.49,17.59
175.56,17.59
175.63,17.58
175.7,17.57
175.77,17.56
175.84,17.56
175.91,17.55
175.98,17.55
176.05,17.55
176.12,17.55
176.19,17.55
176.26,17.56
176.33,17.56
176.4,17.55
176.47,17.55
176.54,17.56
176.61,17.56
176.68,17.56
176.75,17.55
176.82,17.55
176.89,17.54
176.96,17.54
177.03,17.58
177.1,17.55
177.17,17.58
177.24,17.59
177.31,17.59
177.38,17.59
177.45,17.59
177.52,17.59
177.59,17.59
177.66,17.59
177.73,17.59
177.8,17.59
177.87,17.59
177.94,17.59
178.01,17.59
178.08,17.59
178.15,17.59
178.22,17.59
178.29,17.59
178.36,17.59
178.43,17.59
178.5,17.58
178.57,17.58
178.64,17.58
178.71,17.57
178.78,17.57
178.85,17.57
178.92,17.56
178.99,17.56
179.06,17.56
179.13,17.55
179.2,17.53
179.27,17.51
179.34,17.47
179.41,17.45
179.48,17.44
179.55,17.43
179.62,17.43
179.69,17.44
179.76,17.44
179.83,17.44
179.9,17.44
179.97,17.45
180.04,17.47
180.11,17.49
180.18,17.49
180.25,17.51
180.32,17.51
180.39,17.52
180.46,17.52
180.53,17.53
180.6,17.53
180.67,17.53
180.74,17.52
180.81,17.52
180.88,17.52
180.95,17.52
181.02,17.52
181.09,17.51
181.16,17.51
181.23,17.51
181.3,17.49
181.37,17.49
181.44,17.49
181.51,17.48
181.58,17.48
181.65,17.48
181.72,17.47
181.79,17.47
181.86,17.47
181.93,17.47
182.0,17.46
182.07,17.46
182.14,17.46
182.21,17.46
182.28,17.45
182.35,17.45
182.42,17.43
182.49,22.54
182.56,22.53
182.63,22.52
182.7,22.5
182.77,22.49
182.84,22.48
182.91,22.48
182.98,22.49
183.05,22.49
183.12,22.5
183.19,22.5
183.26,22.49
183.33,22.49
183.4,22.49
183.47,22.48
183.54,22.48
183.61,22.49
183.68,22.5
183.75,22.51
183.82,22.51
183.89,22.51
183.96,22.51
184.03,22.5
184.1,22.5
184.17,22.5
184.24,22.5
184.31,22.5
184.38,22.5
184.45,22.49
184.52,22.49
184.59,22.48
184.66,22.47
184.73,22.47
184.8,22.46
184.87,22.46
184.94,22.47
185.01,22.47
185.08,22.45
185.15,22.44
185.22,22.42
185.29,22.41
185.36,22.4
185.43,22.41
185.5,22.41
185.57,22.43
185.64,22.43
185.71,22.44
185.78,22.44
185.85,22.44
185.92,22.45
185.99,22.45
186.06,22.45
186.13,22.45
186.2,22.45
186.27,22.45
186.34,22.45
186.41,22.45
186.48,22.45
186.55,22.44
186.62,22.44
186.69,22.41
186.76,22.39
186.83,22.37
186.9,22.35
186.97,22.34
187.04,22.33
187.11,22.33
187.18,22.33
187.25,22.35
187.32,22.37
187.39,22.39
187.46,22.41
187.53,22.42
187.6,22.42
187.67,22.42
187.74,22.42
187.81,22.42
187.88,22.42
187.95,22.42
188.02,22.41
188.09,22.41
188.16,22.4
188.23,22.39
188.3,22.37
188.37,22.35
188.44,22.32
188.51,22.3
188.58,22.28
188.65,22.28
188.72,22.28
188.79,22.32
188.86,22.34
188.93,22.34
189.0,22.35
189.07,22.36
189.14,22.36
189.21,22.35
189.28,22.35
189.35,22.35
189.42,22.35
189.49,22.34
189.56,22.34
189.63,22.34
189.7,22.34
189.77,22.34
189.84,22.34
189.91,22.34
189.98,22.33
190.05,22.33
190.12,22.33
190.19,22.33
190.26,22.31
190.33,22.27
190.4,22.23
190.47,22.21
190.54,22.21
190.61,22.22
190.68,22.23
190.75,22.25
190.82,22.27
190.89,22.29
190.96,22.29
191.03,22.29
191.1,22.29
191.17,22.29
191.24,22.29
191.31,22.26
191.38,22.22
191.45,22.2
191.52,22.2
191.59,22.2
191.66,22.21
191.73,22.22
191.8,22.23
191.87,22.24
191.94,22.24
192.01,22.24
192.08,22.24
192.15,22.24
192.22,22.24
192.29,22.23
192.36,22.23
192.43,22.24
192.5,22.23
192.57,22.23
192.64,22.23
192.71,22.23
192.78,22.22
192.85,22.22
192.92,22.2
192.99,22.19
193.06,22.18
193.13,22.18
193.2,22.18
193.27,22.18
193.34,22.17
193.41,22.16
193.48,22.14
193.55,22.13
193.62,22.13
193.69,22.12
193.76,22.13
193.83,22.14
193.9,22.14
193.97,22.14
194.04,22.15
194.11,22.16
194.18,22.17
194.25,22.18
194.32,22.18
194.39,22.18
194.46,22.17
194.53,22.17
194.6,22.17
194.67,22.17
194.74,22.17
194.81,22.16
194.88,22.16
194.95,22.16
195.02,22.16
195.09,22.15
195.16,22.15
195.23,22.15
195.3,22.15
195.37,22.14
195.44,22.14
195.51,22.14
195.58,22.14
195.65,22.13
195.72,22.14
195.79,22.13
195.86,22.13
195.93,22.13
196.0,22.12
196.07,22.12
196.14,22.12
196.21,22.12
196.28,22.11
196.35,22.11
196.42,22.11
196.49,22.1
196.56,22.1
196.63,22.1
196.7,22.1
196.77,22.1
196.84,22.09
196.91,22.09
196.98,22.09
197.05,22.09
197.12,22.08
197.19,22.08
197.26,22.06
197.33,22.04
197.4,22.03
197.47,22.02
197.54,22.02
197.61,22.01
197.68,22.02
197.75,22.02
197.82,22.01
197.89,22.0
197.96,21.98
198.03,21.97
198.1,21.97
198.17,21.97
198.24,21.97
198.31,21.98
198.38,21.98
198.45,21.98
198.52,21.98
198.59,21.97
198.66,21.97
198.73,21.97
198.8,21.97
198.87,21.97
198.94,21.98
199.01,21.99
199.08,22.0
199.15,22.01
199.22,22.02
199.29,22.02
199.36,22.01
199.43,22.01
199.5,22.01
199.57,22.01
199.64,22.01
199.71,22.0
199.78,22.0
199.85,22.0
199.92,21.99
199.99,21.99
200.06,21.98
200.13,21.98
200.2,21.98
200.27,21.98
200.34,21.97
200.41,21.97
200.48,21.97
200.55,21.97
200.62,21.96
200.69,21.96
200.76,21.96
200.83,21.96
200.9,21.95
200.97,21.94
201.04,21.93
201.11,21.91
201.18,21.89
201.25,21.88
201.32,21.87
201.39,21.87
201.46,21.87
201.53,21.87
201.6,21.87
201.67,21.87
201.74,21.87
201.81,21.88
201.88,21.88
201.95,21.88
202.02,21.89
202.09,21.89
202.16,21.89
202.23,21.9
202.3,21.9
202.37,21.89
202.44,21.89
202.51,21.89
202.58,21.9
202.65,21.9
202.72,21.9
202.79,21.89
202.86,21.89
202.93,21.89
203.0,21.89
203.07,21.89
203.14,21.89
203.21,21.88
203.28,21.88
203.35,21.87
203.42,21.85
203.49,21.84
203.56,21.82
203.63,21.81
203.7,21.81
203.77,21.81
203.84,21.81
203.91,21.81
203.98,21.82
204.05,21.82
204.12,21.82
204.19,21.82
204.26,21.82
204.33,21.81
204.4,21.8
204.47,21.8
204.54,21.79
204.61,21.79
204.68,21.78
204.75,21.78
204.82,21.78
204.89,21.77
204.96,21.78
205.03,21.78
205.1,21.78
205.17,21.78
205.24,21.78
205.31,21.78
205.38,21.77
205.45,21.77
205.52,21.77
205.59,21.77
205.66,21.77
205.73,21.77
205.8,21.77
205.87,21.77
205.94,21.76
206.01,21.75
206.08,21.75
206.15,21.75
206.22,21.76
206.29,21.76
206.36,21.76
206.43,21.76
206.5,21.77
206.57,21.77
206.64,21.77
206.71,21.77
206.78,21.77
206.85,21.77
206.92,21.77
206.99,21.77
207.06,21.77
207.13,21.77
207.2,21.76
207.27,21.76
207.34,21.76
207.41,21.76
207.48,21.76
207.55,21.76
207.62,21.75
207.69,21.75
207.76,21.75
207.83,21.74
207.9,21.74
207.97,21.73
208.04,21.73
208.11,21.72
208.18,21.72
208.25,21.72
208.32,21.72
208.39,21.71
208.46,21.71
208.53,21.71
208.6,21.71
208.67,21.7
208.74,21.7
208.81,21.69
208.88,21.69
208.95,21.69
209.02,21.68
209.09,21.68
209.16,21.68
209.23,21.67
209.3,21.67
209.37,21.66
209.44,21.66
209.51,21.66
209.58,21.65
209.65,21.64
209.72,21.63
209.79,21.61
209.86,21.6
209.93,21.6
210.0,21.61
210.07,21.61
210.14,21.63
210.21,21.64
210.28,21.65
210.35,21.65
210.42,21.65
210.49,21.65
210.56,21.65
210.63,21.65
210.7,21.64
210.77,21.62
210.84,21.59
210.91,21.58
210.98,21.58
211.05,21.6
211.12,21.62
211.19,21.63
211.26,21.63
211.33,21.62
211.4,21.62
211.47,21.6
211.54,21.59
211.61,21.59
211.68,21.6
211.75,21.6
211.82,21.6
211.89,21.6
211.96,21.6
212.03,21.59
212.1,21.59
212.17,21.57
212.24,21.54
212.31,21.53
212.38,21.53
212.45,21.52
212.52,21.53
212.59,21.53
212.66,21.53
212.73,21.53
212.8,21.54
212.87,21.54
212.94,21.55
213.01,21.55
213.08,21.56
213.15,21.56
213.22,21.56
213.29,21.55
213.36,21.55
213.43,21.55
213.5,21.54
213.57,21.53
213.64,21.5
213.71,21.49
213.78,21.5
213.85,21.5
213.92,21.51
213.99,21.51
214.06,21.51
214.13,21.51
214.2,21.51
214.27,21.51
214.34,21.5
214.41,21.48
214.48,21.46
214.55,21.45
214.62,21.46
214.69,21.48
214.76,21.49
214.83,21.49
214.9,21.49
214.97,21.49
215.04,21.48
215.11,21.46
215.18,21.43
215.25,21.43
215.32,21.44
215.39,21.46
215.46,21.46
215.53,21.47
215.6,21.47
215.67,21.47
215.74,21.47
215.81,21.47
215.88,21.47
215.95,21.47
216.02,21.46
216.09,21.45
216.16,21.43
216.23,21.42
216.3,21.41
216.37,21.4
216.44,21.41
216.51,21.41
216.58,21.41
216.65,21.41
216.72,21.42
216.79,21.42
216.86,21.43
216.93,21.43
217.0,21.43
217.07,21.43
217.14,21.43
217.21,21.43
217.28,21.42
217.35,21.42
217.42,21.42
217.49,21.42
217.56,21.41
217.63,21.41
217.7,21.41
217.77,21.41
217.84,21.4
217.91,21.39
217.98,21.38
218.05,21.36
218.12,21.36
218.19,21.36
218.26,21.37
218.33,21.37
218.4,21.37
218.47,21.37
218.54,21.37
218.61,21.36
218.68,21.36
218.75,21.36
218.82,21.36
218.89,21.36
218.96,21.35
219.03,21.35
219.1,21.35
219.17,21.34
219.24,21.34
219.31,21.34
219.38,21.33
219.45,21.33
219.52,21.33
219.59,21.32
219.66,21.31
219.73,21.31
219.8,21.3
219.87,21.29
219.94,21.28
220.01,21.27
220.08,21.27
220.15,21.26
220.22,21.26
220.29,21.26
220.36,21.26
220.43,21.25
220.5,21.26
220.57,21.26
220.64,21.26
220.71,21.26
220.78,21.26
220.85,21.26
220.92,21.26
220.99,21.26
221.06,21.26
221.13,21.26
221.2,21.25
221.27,21.25
221.34,21.25
221.41,21.25
221.48,21.25
221.55,21.25
221.62,21.25
221.69,21.25
221.76,21.25
221.83,21.25
221.9,21.25
221.97,21.25
222.04,21.25
222.11,21.24
222.18,21.24
222.25,21.23
222.32,21.22
222.39,21.22
222.46,21.2
222.53,21.19
222.6,21.19
222.67,21.18
222.74,21.18
222.81,21.18
222.88,21.18
222.95,21.18
223.02,21.18
223.09,21.18
223.16,21.18
223.23,21.18
223.3,21.19
223.37,21.18
223.44,21.18
223.51,21.18
223.58,21.17
223.65,21.17
223.72,21.17
223.79,21.16
223.86,21.16
223.93,21.16
224.0,21.16
224.07,21.16
224.14,21.16
224.21,21.17
224.28,21.17
224.35,21.16
224.42,21.15
224.49,21.14
224.56,21.13
224.63,21.12
224.7,21.12
224.77,21.12
224.84,21.13
224.91,21.14
224.98,21.15
225.05,21.15
225.12,21.15
225.19,21.14
225.26,21.14
225.33,21.14
225.4,21.13
225.47,21.12
225.54,21.11
225.61,21.09
225.68,21.09
225.75,21.09
225.82,21.1
225.89,21.1
225.96,21.11
226.03,21.11
226.1,21.12
226.17,21.12
226.24,21.11
226.31,21.11
226.38,21.1
226.45,21.1
226.52,21.1
226.59,21.09
226.66,21.08
226.73,21.07
226.8,21.07
226.87,21.08
226.94,21.09
227.01,21.09
227.08,21.09
227.15,21.09
227.22,21.08
227.29,21.08
227.36,21.07
227.43,21.06
227.5,21.06
227.57,21.05
227.64,21.04
227.71,21.03
227.78,21.03
227.85,21.02
227.92,21.02
227.99,21.03
228.06,21.04
228.13,21.05
228.2,21.05
228.27,21.05
228.34,21.05
228.41,21.05
228.48,21.05
228.55,21.04
228.62,21.04
228.69,21.04
228.76,21.04
228.83,21.03
228.9,21.03
228.97,21.03
229.04,21.02
229.11,21.02
229.18,21.01
229.25,21.0
229.32,21.0
229.39,21.0
229.46,20.99
229.53,20.99
229.6,20.98
229.67,20.98
229.74,20.97
229.81,20.96
229.88,20.96
229.95,20.96
230.02,20.97
230.09,20.98
230.16,20.99
230.23,20.99
230.3,20.99
230.37,20.99
230.44,20.99
230.51,20.99
230.58,20.98
230.65,20.98
230.72,20.97
230.79,20.97
230.86,20.97
230.93,20.97
231.0,20.96
231.07,20.96
231.14,20.96
231.21,20.95
231.28,20.95
231.35,20.95
231.42,20.94
231.49,20.94
231.56,20.94
231.63,20.93
231.7,20.93
231.77,20.93
231.84,20.93
231.91,20.93
231.98,20.92
232.05,20.92
232.12,20.92
232.19,20.92
232.26,20.92
232.33,20.92
232.4,20.92
232.47,20.91
232.54,20.91
232.61,20.91
232.68,20.91
232.75,20.9
232.82,20.9
232.89,20.9
232.96,20.9
233.03,20.89
233.1,20.89
233.17,20.88
233.24,20.88
233.31,20.88
233.38,20.88
233.45,20.88
233.52,20.88
233.59,20.87
233.66,20.87
233.73,20.87
233.8,20.87
233.87,20.86
233.94,20.86
234.01,20.86
234.08,20.85
234.15,20.85
234.22,20.84
234.29,20.84
234.36,20.83
234.43,20.82
234.5,20.81
234.57,20.8
234.64,20.79
234.71,20.78
234.78,20.77
234.85,20.77
234.92,20.78
234.99,20.79
235.06,20.79
235.13,20.8
235.2,20.81
235.27,20.81
235.34,20.81
235.41,20.81
235.48,20.81
235.55,20.81
235.62,20.81
235.69,20.81
235.76,20.8
235.83,20.8
235.9,20.8
235.97,20.8
236.04,20.8
236.11,20.79
236.18,20.79
236.25,20.78
236.32,20.78
236.39,20.77
236.46,20.76
236.53,20.75
236.6,20.74
236.67,20.74
236.74,20.73
236.81,20.73
236.88,20.72
236.95,20.73
237.02,20.73
237.09,20.73
237.16,20.73
237.23,20.73
237.3,20.73
237.37,20.73
237.44,20.73
237.51,20.73
237.58,20.73
237.65,20.73
237.72,20.73
237.79,20.73
237.86,20.73
237.93,20.72
238.0,20.72
238.07,20.72
238.14,20.72
238.21,20.71
238.28,20.71
238.35,20.71
238.42,20.71
238.49,20.7
238.56,20.7
238.63,20.7
238.7,20.7
238.77,20.7
238.84,20.69
238.91,20.69
238.98,20.69
239.05,20.68
239.12,20.68
239.19,20.67
239.26,20.67
239.33,20.67
239.4,20.66
239.47,20.66
239.54,20.66
239.61,20.66
239.68,20.65
239.75,20.65
239.82,20.65
239.89,20.65
239.96,20.65
240.03,20.65
240.1,20.64
240.17,20.64
240.24,20.64
240.31,20.64
240.38,20.63
240.45,20.64
240.52,20.63
240.59,20.63
240.66,20.62
240.73,20.61
240.8,20.61
240.87,20.6
240.94,20.6
241.01,20.6
241.08,20.6
241.15,20.6
241.22,20.6
241.29,20.6
241.36,20.6
241.43,20.6
241.5,20.6
241.57,20.6
241.64,20.59
241.71,20.58
241.78,20.58
241.85,20.57
241.92,20.55
241.99,20.53
242.06,20.52
242.13,20.51
242.2,20.5
242.27,20.5
242.34,20.52
242.41,20.54
242.48,20.56
242.55,20.57
242.62,20.57
242.69,20.57
242.76,20.57
242.83,20.56
242.9,20.56
242.97,20.57
243.04,20.56
243.11,20.56
243.18,20.55
243.25,20.55
243.32,20.55
243.39,20.54
243.46,20.53
243.53,20.51
243.6,20.5
243.67,20.49
243.74,20.5
243.81,20.51
243.88,20.52
243.95,20.53
244.02,20.53
244.09,20.53
244.16,20.53
244.23,20.52
244.3,20.52
244.37,20.52
244.44,20.51
244.51,20.51
244.58,20.5
244.65,20.5
244.72,20.49
244.79,20.49
244.86,20.47
244.93,20.46
245.0,20.44
245.07,20.43
245.14,20.42
245.21,20.42
245.28,20.43
245.35,20.43
245.42,20.44
245.49,20.45
245.56,20.46
245.63,20.47
245.7,20.47
245.77,20.46
245.84,20.46
245.91,20.46
245.98,20.45
246.05,20.45
246.12,20.45
246.19,20.44
246.26,20.44
246.33,20.44
246.4,20.43
246.47,20.43
246.54,20.43
246.61,20.42
246.68,20.42
246.75,20.42
246.82,20.42
246.89,20.42
246.96,20.41
247.03,20.41
247.1,20.41
247.17,20.41
247.24,20.4
247.31,20.4
247.38,20.4
247.45,20.4
247.52,20.39
247.59,20.39
247.66,20.39
247.73,20.38
247.8,20.38
247.87,20.38
247.94,20.38
248.01,20.38
248.08,20.37
248.15,20.37
248.22,20.37
248.29,20.37
248.36,20.36
248.43,20.36
248.5,20.36
248.57,20.36
248.64,20.35
248.71,20.35
248.78,20.35
248.85,20.34
248.92,20.34
248.99,20.33
249.06,20.32
249.13,20.3
249.2,20.29
249.27,20.27
249.34,20.27
249.41,20.27
249.48,20.27
249.55,20.27
249.62,20.26
249.69,20.27
249.76,20.27
249.83,20.28
249.9,20.29
249.97,20.29
250.04,20.28
250.11,20.28
250.18,20.27
250.25,20.27
250.32,20.27
250.39,20.26
250.46,20.25
250.53,20.24
250.6,20.23
250.67,20.22
250.74,20.22
250.81,20.22
250.88,20.22
250.95,20.22
251.02,20.23
251.09,20.23
251.16,20.24
251.23,20.24
251.3,20.24
251.37,20.24
251.44,20.24
251.51,20.24
251.58,20.24
251.65,20.24
251.72,20.26
251.79,20.26
251.86,20.26
251.93,20.25
252.0,20.26
252.07,20.25
252.14,20.25
252.21,20.25
252.28,20.25
252.35,20.24
252.42,20.24
252.49,20.24
252.56,20.24
252.63,20.23
252.7,20.23
252.77,20.23
252.84,20.23
252.91,20.22
252.98,20.22
253.05,20.22
253.12,20.22
253.19,20.22
253.26,20.22
253.33,20.22
253.4,20.21
253.47,20.21
253.54,20.21
253.61,20.2
253.68,20.2
253.75,20.2
253.82,20.2
253.89,20.19
253.96,20.19
254.03,20.18
254.1,20.18
254.17,20.18
254.24,20.18
254.31,20.17
254.38,20.17
254.45,20.16
254.52,20.16
254.59,20.15
254.66,20.14
254.73,20.13
254.8,20.12
254.87,20.12
254.94,20.12
255.01,20.11
255.08,20.1
255.15,20.09
255.22,20.1
255.29,20.1
255.36,20.1
255.43,20.1
255.5,20.09
255.57,20.07
255.64,20.06
255.71,20.05
255.78,20.04
255.85,20.03
255.92,20.04
255.99,20.06
256.06,20.08
256.13,20.09
256.2,20.09
256.27,20.09
256.34,20.08
256.41,20.08
256.48,20.07
256.55,20.05
256.62,20.04
256.69,20.02
256.76,19.99
256.83,19.97
256.9,19.98
256.97,20.0
257.04,20.03
257.11,20.04
257.18,20.04
257.25,20.04
257.32,20.04
257.39,20.04
257.46,20.04
257.53,20.02
257.6,19.99
257.67,19.97
257.74,19.94
257.81,19.94
257.88,19.97
257.95,19.98
258.02,19.98
258.09,19.99
258.16,19.98
258.23,19.99
258.3,20.0
258.37,20.01
258.44,20.02
258.51,20.01
258.58,20.02
258.65,20.01
258.72,20.01
258.79,20.01
258.86,20.01
258.93,20.01
259.0,20.01
259.07,20.0
259.14,20.0
259.21,20.0
259.28,19.99
259.35,19.99
259.42,19.99
259.49,19.98
259.56,19.98
259.63,19.97
259.7,19.96
259.77,19.94
259.84,19.94
259.91,19.94
259.98,19.95
260.05,19.96
260.12,19.96
260.19,19.94
260.26,19.94
260.33,19.92
260.4,19.93
260.47,19.92
260.54,19.94
260.61,19.93
260.68,19.93
260.75,19.93
260.82,19.93
260.89,19.93
260.96,19.94
261.03,19.94
261.1,19.95
261.17,19.94
261.24,19.94
261.31,19.94
261.38,19.94
261.45,19.94
261.52,19.94
261.59,19.93
261.66,19.93
261.73,19.93
261.8,19.92
261.87,19.92
261.94,19.92
262.01,19.92
262.08,19.92
262.15,19.92
262.22,19.91
262.29,19.91
262.36,19.9
262.43,19.88
262.5,19.86
262.57,19.84
262.64,19.83
262.71,19.84
262.78,19.85
262.85,19.87
262.92,19.88
262.99,19.89
263.06,19.89
263.13,19.89
263.2,19.89
263.27,19.89
263.34,19.88
263.41,19.87
263.48,19.85
263.55,19.84
263.62,19.83
263.69,19.82
263.76,19.83
263.83,19.83
263.9,19.84
263.97,19.83
264.04,19.84
264.11,19.85
264.18,19.84
264.25,19.84
264.32,19.84
264.39,19.84
264.46,19.84
264.53,19.84
264.6,19.84
264.67,19.84
264.74,19.83
264.81,19.83
264.88,19.81
264.95,19.8
265.02,19.78
265.09,19.77
265.16,19.78
265.23,19.77
265.3,19.76
265.37,19.76
265.44,19.77
265.51,19.78
265.58,19.8
265.65,19.82
265.72,19.82
265.79,19.82
265.86,19.82
265.93,19.81
266.0,19.81
266.07,19.81
266.14,19.81
266.21,19.8
266.28,19.8
266.35,19.8
266.42,19.8
266.49,19.79
266.56,19.79
266.63,19.79
266.7,19.79
266.77,19.78
266.84,19.78
266.91,19.78
266.98,19.77
267.05,19.77
267.12,19.76
267.19,19.74
267.26,19.71
267.33,19.68
267.4,19.67
267.47,19.66
267.54,19.66
267.61,19.66
267.68,19.66
267.75,19.66
267.82,19.66
267.89,19.67
267.96,19.68
268.03,19.68
268.1,19.68
268.17,19.67
268.24,19.65
268.31,19.64
268.38,19.63
268.45,19.62
268.52,19.63
268.59,19.63
268.66,19.64
268.73,19.65
268.8,19.66
268.87,19.66
268.94,19.67
269.01,19.67
269.08,19.68
269.15,19.68
269.22,19.68
269.29,19.68
269.36,19.68
269.43,19.68
269.5,19.68
269.57,19.7
269.64,19.69
269.71,19.69
269.78,19.7
269.85,19.69
269.92,19.68
269.99,19.68
270.06,19.68
270.13,19.68
270.2,19.68
270.27,19.68
270.34,19.68
270.41,19.68
270.48,19.67
270.55,19.67
270.62,19.67
270.69,19.66
270.76,19.66
270.83,19.66
270.9,19.65
270.97,19.64
271.04,19.62
271.11,19.6
271.18,19.59
271.25,19.57
271.32,19.57
271.39,19.57
271.46,19.57
271.53,19.57
271.6,19.59
271.67,19.6
271.74,19.6
271.81,19.61
271.88,19.62
271.95,19.62
272.02,19.63
272.09,19.63
272.16,19.63
272.23,19.63
272.3,19.63
272.37,19.63
272.44,19.63
272.51,19.63
272.58,19.63
272.65,19.62
272.72,19.63
272.79,19.62
272.86,19.62
272.93,19.62
273.0,19.61
273.07,19.61
273.14,19.61
273.21,19.6
273.28,19.6
273.35,19.6
273.42,19.6
273.49,19.6
273.56,19.59
273.63,19.59
273.7,19.58
273.77,19.58
273.84,19.58
273.91,19.57
273.98,19.57
274.05,19.57
274.12,19.57
274.19,19.57
274.26,19.56
274.33,19.56
274.4,19.56
274.47,19.56
274.54,19.55
274.61,19.55
274.68,19.55
274.75,19.54
274.82,19.54
274.89,19.53
274.96,19.53
275.03,19.52
275.1,19.5
275.17,19.49
275.24,19.46
275.31,19.45
275.38,19.46
275.45,19.47
275.52,19.5
275.59,19.53
275.66,19.53
275.73,19.53
275.8,19.53
275.87,19.53
275.94,19.52
276.01,19.52
276.08,19.52
276.15,19.52
276.22,19.51
276.29,19.51
276.36,19.5
276.43,19.47
276.5,19.45
276.57,19.44
276.64,19.45
276.71,19.45
276.78,19.45
276.85,19.45
276.92,19.44
276.99,19.44
277.06,19.44
277.13,19.44
277.2,19.45
277.27,19.46
277.34,19.46
277.41,19.47
277.48,19.47
277.55,19.47
277.62,19.47
277.69,19.46
277.76,19.46
277.83,19.46
277.9,19.45
277.97,19.45
278.04,19.44
278.11,19.42
278.18,19.4
278.25,19.39
278.32,19.39
278.39,19.4
278.46,19.42
278.53,19.42
278.6,19.42
278.67,19.42
278.74,19.42
278.81,19.41
278.88,19.41
278.95,19.4
279.02,19.4
279.09,19.39
279.16,19.39
279.23,19.39
279.3,19.38
279.37,19.38
279.44,19.38
279.51,19.38
279.58,19.38
279.65,19.37
279.72,19.37
279.79,19.37
279.86,19.36
279.93,19.36
280.0,19.36
280.07,19.36
280.14,19.35
280.21,19.34
280.28,19.34
280.35,19.33
280.42,19.32
280.49,19.31
280.56,19.3
280.63,19.32
280.7,19.34
280.77,19.35
280.84,19.36
280.91,19.36
280.98,19.36
281.05,19.35
281.12,19.35
281.19,19.35
281.26,19.34
281.33,19.34
281.4,19.33
281.47,19.3
281.54,19.28
281.61,19.28
281.68,19.32
281.75,19.34
281.82,19.34
281.89,19.34
281.96,19.34
282.03,19.33
282.1,19.33
282.17,19.33
282.24,19.32
282.31,19.32
282.38,19.3
282.45,19.25
282.52,19.21
282.59,19.21
282.66,19.21
282.73,19.22
282.8,19.24
282.87,19.24
282.94,19.24
283.01,19.24
283.08,19.26
283.15,19.25
283.22,19.26
283.29,19.27
283.36,19.27
283.43,19.26
283.5,19.26
283.57,19.26
283.64,19.26
283.71,19.25
283.78,19.25
283.85,19.25
283.92,19.25
283.99,19.24
284.06,19.22
284.13,19.2
284.2,19.2
284.27,19.21
284.34,19.24
284.41,19.26
284.48,19.26
284.55,19.25
284.62,19.25
284.69,19.25
284.76,19.25
284.83,19.22
284.9,19.18
284.97,19.16
285.04,19.18
285.11,19.22
285.18,19.24
285.25,19.24
285.32,19.24
285.39,19.23
285.46,19.21
285.53,19.17
285.6,19.14
285.67,19.12
285.74,19.12
285.81,19.12
285.88,19.14
285.95,19.17
286.02,19.19
286.09,19.2
286.16,19.2
286.23,19.21
286.3,19.21
286.37,19.21
286.44,19.21
286.51,19.21
286.58,19.21
286.65,19.2
286.72,19.2
286.79,19.2
286.86,19.2
286.93,19.2
287.0,19.19
287.07,19.19
287.14,19.19
287.21,19.18
287.28,19.18
287.35,19.18
287.42,19.18
287.49,19.18
287.56,19.17
287.63,19.17
287.7,19.17
287.77,19.16
287.84,19.14
287.91,19.11
287.98,19.11
288.05,19.09
288.12,19.09
288.19,19.1
288.26,19.12
288.33,19.13
288.4,19.14
288.47,19.13
288.54,19.13
288.61,19.12
288.68,19.12
288.75,19.11
288.82,19.11
288.89,19.1
288.96,19.11
289.03,19.11
289.1,19.1
289.17,19.09
289.24,19.07
289.31,19.07
289.38,19.07
289.45,19.07
289.52,19.07
289.59,19.07
289.66,19.07
289.73,19.07
289.8,19.06
289.87,19.05
289.94,19.05
290.01,19.05
290.08,19.04
290.15,19.04
290.22,19.04
290.29,19.03
290.36,19.04
290.43,19.06
290.5,19.08
290.57,19.08
290.64,19.09
290.71,19.09
290.78,19.09
290.85,19.09
290.92,19.08
290.99,19.08
291.06,19.08
291.13,19.07
291.2,19.07
291.27,19.07
291.34,19.07
291.41,19.06
291.48,19.06
291.55,19.05
291.62,19.04
291.69,19.03
291.76,19.02
291.83,19.02
291.9,19.03
291.97,19.03
292.04,19.03
292.11,19.03
292.18,19.03
292.25,19.03
292.32,19.03
292.39,19.03
292.46,19.02
292.53,19.01
292.6,18.99
292.67,18.97
292.74,18.97
292.81,18.97
292.88,18.97
292.95,18.97
293.02,18.96
293.09,18.94
293.16,18.93
293.23,18.93
293.3,18.94
293.37,18.94
293.44,18.95
293.51,18.97
293.58,18.97
293.65,18.99
293.72,18.99
293.79,18.99
293.86,18.99
293.93,18.99
294.0,18.99
294.07,18.97
294.14,18.97
294.21,18.97
294.28,18.95
294.35,18.94
294.42,18.93
294.49,18.93
294.56,18.93
294.63,18.93
294.7,18.91
294.77,18.9
294.84,18.89
294.91,18.88
294.98,18.88
295.05,18.88
295.12,18.9
295.19,18.92
295.26,18.93
295.33,18.93
295.4,18.94
295.47,18.94
295.54,18.94
295.61,18.94
295.68,18.93
295.75,18.93
295.82,18.93
295.89,18.93
295.96,18.93
296.03,18.92
296.1,18.92
296.17,18.91
296.24,18.9
296.31,18.89
296.38,18.88
296.45,18.87
296.52,18.86
296.59,18.85
296.66,18.83
296.73,18.82
296.8,18.81
296.87,18.82
296.94,18.83
297.01,18.85
297.08,18.85
297.15,18.86
297.22,18.87
297.29,18.88
297.36,18.89
297.43,18.89
297.5,18.89
297.57,18.89
297.64,18.89
297.71,18.89
297.78,18.89
297.85,18.89
297.92,18.88
297.99,18.88
298.06,18.88
298.13,18.88
298.2,18.87
298.27,18.87
298.34,18.87
298.41,18.86
298.48,18.85
298.55,18.85
298.62,18.85
298.69,18.85
298.76,18.85
298.83,18.85
298.9,18.85
298.97,18.85
299.04,18.85
299.11,18.85
299.18,18.84
299.25,18.84
299.32,18.84
299.39,18.84
299.46,18.83
299.53,18.83
299.6,18.83
299.67,18.83
299.74,18.83
299.81,18.82
299.88,18.83
299.95,18.82
300.02,18.82
300.09,18.82
300.16,18.82
300.23,18.82
300.3,18.82
300.37,18.81
300.44,18.81
300.51,18.81
300.58,18.8
300.65,18.8
300.72,18.78
300.79,18.76
300.86,18.74
300.93,18.71
301.0,18.7
301.07,18.68
301.14,18.67
301.21,18.67
301.28,18.68
301.35,18.71
301.42,18.74
301.49,18.76
301.56,18.77
301.63,18.78
301.7,18.77
301.77,18.78
301.84,18.78
301.91,18.77
301.98,18.77
302.05,18.77
302.12,18.76
302.19,18.76
302.26,18.76
302.33,18.76
302.4,18.75
302.47,18.74
302.54,18.74
302.61,18.73
302.68,18.73
302.75,18.71
302.82,18.7
302.89,18.69
302.96,18.68
303.03,18.68
303.1,18.68
303.17,18.68
303.24,18.67
303.31,18.67
303.38,18.67
303.45,18.67
303.52,18.67
303.59,18.67
303.66,18.66
303.73,18.66
303.8,18.65
303.87,18.65
303.94,18.65
304.01,18.65
304.08,18.64
304.15,18.64
304.22,18.64
304.29,18.63
304.36,18.64
304.43,18.64
304.5,18.65
304.57,18.65
304.64,18.64
304.71,18.63
304.78,18.63
304.85,18.65
304.92,18.68
304.99,18.69
305.06,18.69
305.13,18.69
305.2,18.69
305.27,18.68
305.34,18.67
305.41,18.66
305.48,18.65
305.55,18.65
305.62,18.63
305.69,18.61
305.76,18.59
305.83,18.6
305.9,18.61
305.97,18.62
306.04,18.63
306.11,18.63
306.18,18.63
306.25,18.63
306.32,18.62
306.39,18.62
306.46,18.61
306.53,18.62
306.6,18.63
306.67,18.63
306.74,18.63
306.81,18.62
306.88,18.62
306.95,18.61
307.02,18.59
307.09,18.58
307.16,18.57
307.23,18.55
307.3,18.54
307.37,18.53
307.44,18.53
307.51,18.53
307.58,18.54
307.65,18.54
307.72,18.54
307.79,18.55
307.86,18.55
307.93,18.57
308.0,18.58
308.07,18.58
308.14,18.58
308.21,18.58
308.28,18.59
308.35,18.59
308.42,18.58
308.49,18.59
308.56,18.59
308.63,18.58
308.7,18.58
308.77,18.58
308.84,18.58
308.91,18.58
308.98,18.58
309.05,18.58
309.12,18.58
309.19,18.58
309.26,18.57
309.33,18.57
309.4,18.56
309.47,18.56
309.54,18.56
309.61,18.55
309.68,18.55
309.75,18.55
309.82,18.54
309.89,18.54
309.96,18.54
310.03,18.54
310.1,18.54
310.17,18.53
310.24,18.53
310.31,18.52
310.38,18.49
310.45,18.44
310.52,18.41
310.59,18.4
310.66,18.42
310.73,18.47
310.8,18.51
310.87,18.51
310.94,18.51
311.01,18.51
311.08,18.51
311.15,18.51
311.22,18.5
311.29,18.5
311.36,18.49
311.43,18.49
311.5,18.47
311.57,18.44
311.64,18.4
311.71,18.37
311.78,18.37
311.85,18.39
311.92,18.42
311.99,18.46
312.06,18.47
312.13,18.47
312.2,18.48
312.27,18.48
312.34,18.48
312.41,18.48
312.48,18.47
312.55,18.43
312.62,18.39
312.69,18.38
312.76,18.39
312.83,18.42
312.9,18.46
312.97,18.47
313.04,18.47
313.11,18.47
313.18,18.47
313.25,18.47
313.32,18.46
313.39,18.41
313.46,18.39
313.53,18.39
313.6,18.41
313.67,18.44
313.74,18.46
313.81,18.46
313.88,18.46
313.95,18.46
314.02,18.46
314.09,18.46
314.16,18.46
314.23,18.45
314.3,18.44
314.37,18.42
314.44,18.41
314.51,18.39
314.58,18.38
314.65,18.39
314.72,18.41
314.79,18.42
314.86,18.43
314.93,18.43
315.0,18.43
315.07,18.42
315.14,18.42
315.21,18.42
315.28,18.42
315.35,18.42
315.42,18.42
315.49,18.41
315.56,18.41
315.63,18.41
315.7,18.41
315.77,18.4
315.84,18.4
315.91,18.4
315.98,18.39
316.05,18.39
316.12,18.38
316.19,18.38
316.26,18.37
316.33,18.36
316.4,18.36
316.47,18.36
316.54,18.36
316.61,18.35
316.68,18.35
316.75,18.35
316.82,18.35
316.89,18.35
316.96,18.35
317.03,18.33
317.1,18.31
317.17,18.3
317.24,18.3
317.31,18.29
317.38,18.3
317.45,18.3
317.52,18.31
317.59,18.31
317.66,18.31
317.73,18.3
317.8,18.3
317.87,18.29
317.94,18.29
318.01,18.28
318.08,18.27
318.15,18.27
318.22,18.27
318.29,18.29
318.36,18.28
318.43,18.28
318.5,18.29
318.57,18.31
318.64,18.32
318.71,18.32
318.78,18.31
318.85,18.31
318.92,18.31
318.99,18.31
319.06,18.32
319.13,18.32
319.2,18.32
319.27,18.31
319.34,18.31
319.41,18.31
319.48,18.31
319.55,18.3
319.62,18.3
319.69,18.29
319.76,18.28
319.83,18.27
319.9,18.25
319.97,18.24
320.04,18.23
320.11,18.23
320.18,18.23
320.25,18.24
320.32,18.25
320.39,18.25
320.46,18.26
320.53,18.25
320.6,18.26
320.67,18.26
320.74,18.26
320.81,18.26
320.88,18.26
320.95,18.26
321.02,18.26
321.09,18.26
321.16,18.26
321.23,18.25
321.3,18.25
321.37,18.25
321.44,18.25
321.51,18.24
321.58,18.24
321.65,18.24
321.72,18.24
321.79,18.23
321.86,18.23
321.93,18.23
322.0,18.22
322.07,18.22
322.14,18.22
322.21,18.22
322.28,18.21
322.35,18.21
322.42,18.21
322.49,18.21
322.56,18.21
322.63,18.2
322.7,18.2
322.77,18.2
322.84,18.19
322.91,18.19
322.98,18.19
323.05,18.19
323.12,18.19
323.19,18.19
323.26,18.19
323.33,18.19
323.4,18.19
323.47,18.19
323.54,18.18
323.61,18.17
323.68,18.17
323.75,18.16
323.82,18.17
323.89,18.16
323.96,18.16
324.03,18.16
324.1,18.16
324.17,18.15
324.24,18.15
324.31,18.15
324.38,18.15
324.45,18.15
324.52,18.14
324.59,18.14
324.66,18.14
324.73,18.13
324.8,18.13
324.87,18.13
324.94,18.13
325.01,18.13
325.08,18.12
325.15,18.12
325.22,18.11
325.29,18.11
325.36,18.1
325.43,18.1
325.5,18.1
325.57,18.1
325.64,18.1
325.71,18.11
325.78,18.1
325.85,18.1
325.92,18.1
325.99,18.09
326.06,18.08
326.13,18.06
326.2,18.05
326.27,18.04
326.34,18.05
326.41,18.04
326.48,18.05
326.55,18.06
326.62,18.05
326.69,18.06
326.76,18.07
326.83,18.08
326.9,18.08
326.97,18.08
327.04,18.07
327.11,18.07
327.18,18.05
327.25,18.04
327.32,18.03
327.39,18.03
327.46,18.02
327.53,18.01
327.6,17.99
327.67,17.97
327.74,17.97
327.81,18.0
327.88,18.03
327.95,18.06
328.02,18.06
328.09,18.06
328.16,18.06
328.23,18.06
328.3,18.06
328.37,18.06
328.44,18.06
328.51,18.04
328.58,18.03
328.65,18.0
328.72,17.97
328.79,17.96
328.86,17.98
328.93,17.99
329.0,18.0
329.07,18.0
329.14,17.99
329.21,17.98
329.28,17.98
329.35,17.99
329.42,18.02
329.49,18.03
329.56,18.04
329.63,18.04
329.7,18.03
329.77,18.03
329.84,18.03
329.91,18.03
329.98,18.02
330.05,18.02
330.12,18.02
330.19,18.0
330.26,17.98
330.33,17.97
330.4,17.97
330.47,17.97
330.54,17.97
330.61,17.96
330.68,17.96
330.75,17.96
330.82,17.96
330.89,17.97
330.96,17.99
331.03,17.99
331.1,18.0
331.17,18.0
331.24,18.0
331.31,18.0
331.38,18.0
331.45,18.0
331.52,17.99
331.59,17.99
331.66,17.96
331.73,17.92
331.8,17.88
331.87,17.88
331.94,17.9
332.01,17.9
332.08,17.91
332.15,17.91
332.22,17.91
332.29,17.91
332.36,17.9
332.43,17.9
332.5,17.9
332.57,17.92
332.64,17.93
332.71,17.93
332.78,17.94
332.85,17.94
332.92,17.94
332.99,17.95
333.06,17.95
333.13,17.95
333.2,17.95
333.27,17.95
333.34,17.94
333.41,17.94
333.48,17.94
333.55,17.94
333.62,17.94
333.69,17.94
333.76,17.94
333.83,17.93
333.9,17.93
333.97,17.93
334.04,17.93
334.11,17.93
334.18,17.92
334.25,17.92
334.32,17.92
334.39,17.91
334.46,17.91
334.53,17.91
334.6,17.91
334.67,17.91
334.74,17.91
334.81,17.9
334.88,17.88
334.95,17.86
335.02,17.85
335.09,17.82
335.16,17.81
335.23,17.81
335.3,17.8
335.37,17.8
335.44,17.8
335.51,17.8
335.58,17.81
335.65,17.81
335.72,17.82
335.79,17.83
335.86,17.84
335.93,17.85
336.0,17.86
336.07,17.88
336.14,17.9
336.21,17.9
336.28,17.9
336.35,17.9
336.42,17.88
336.49,17.88
336.56,17.87
336.63,17.87
336.7,17.86
336.77,17.86
336.84,17.85
336.91,17.83
336.98,17.81
337.05,17.81
337.12,17.81
337.19,17.82
337.26,17.83
337.33,17.83
337.4,17.83
337.47,17.83
337.54,17.83
337.61,17.83
337.68,17.83
337.75,17.83
337.82,17.83
337.89,17.83
337.96,17.83
338.03,17.82
338.1,17.79
338.17,17.77
338.24,17.75
338.31,17.74
338.38,17.75
338.45,17.77
338.52,17.79
338.59,17.81
338.66,17.82
338.73,17.82
338.8,17.82
338.87,17.82
338.94,17.82
339.01,17.81
339.08,17.81
339.15,17.79
339.22,17.76
339.29,17.74
339.36,17.73
339.43,17.73
339.5,17.75
339.57,17.76
339.64,17.78
339.71,17.79
339.78,17.79
339.85,17.79
339.92,17.78
339.99,17.78
340.06,17.78
340.13,17.78
340.2,17.78
340.27,17.78
340.34,17.77
340.41,17.76
340.48,17.74
340.55,17.74
340.62,17.73
340.69,17.72
340.76,17.72
340.83,17.72
340.9,17.72
340.97,17.73
341.04,17.73
341.11,17.73
341.18,17.74
341.25,17.74
341.32,17.74
341.39,17.74
341.46,17.74
341.53,17.74
341.6,17.74
341.67,17.74
341.74,17.74
341.81,17.74
341.88,17.74
341.95,17.74
342.02,17.73
342.09,17.73
342.16,17.73
342.23,17.73
342.3,17.73
342.37,17.73
342.44,17.72
342.51,17.72
342.58,17.72
342.65,17.72
342.72,17.72
342.79,17.71
342.86,17.71
342.93,17.71
343.0,17.71
343.07,17.71
343.14,17.71
343.21,17.71
343.28,17.71
343.35,17.7
343.42,17.69
343.49,17.69
343.56,17.67
343.63,17.66
343.7,17.65
343.77,17.65
343.84,17.65
343.91,17.65
343.98,17.65
344.05,17.64
344.12,17.63
344.19,17.63
344.26,17.62
344.33,17.62
344.4,17.62
344.47,17.63
344.54,17.64
344.61,17.64
344.68,17.64
344.75,17.65
344.82,17.65
344.89,17.65
344.96,17.65
345.03,17.65
345.1,17.66
345.17,17.66
345.24,17.67
345.31,17.67
345.38,17.67
345.45,17.68
345.52,17.68
345.59,17.67
345.66,17.67
345.73,17.67
345.8,17.67
345.87,17.66
345.94,17.66
346.01,17.66
346.08,17.65
346.15,17.64
346.22,17.63
346.29,17.62
346.36,17.61
346.43,17.61
346.5,17.6
346.57,17.63
346.64,17.64
346.71,17.64
346.78,17.64
346.85,17.64
346.92,17.63
346.99,17.63
347.06,17.62
347.13,17.62
347.2,17.6
347.27,17.58
347.34,17.57
347.41,17.57
347.48,17.56
347.55,17.55
347.62,17.53
347.69,17.51
347.76,17.5
347.83,17.5
347.9,17.5
347.97,17.52
348.04,17.54
348.11,17.55
348.18,17.56
348.25,17.56
348.32,17.55
348.39,17.56
348.46,17.56
348.53,17.56
348.6,17.56
348.67,17.56
348.74,17.56
348.81,17.55
348.88,17.55
348.95,17.55
349.02,17.55
349.09,17.55
349.16,17.55
349.23,17.55
349.3,17.55
349.37,17.55
349.44,17.55
349.51,17.54
349.58,17.54
349.65,17.54
349.72,17.54
349.79,17.54
349.86,17.54
349.93,17.54
350.0,17.54
350.07,17.54
350.14,17.54
350.21,17.54
350.28,17.54
350.35,17.54
350.42,17.54
350.49,17.53
350.56,17.53
350.63,17.53
350.7,17.53
350.77,17.52
350.84,17.52
350.91,17.52
350.98,17.52
351.05,17.51
351.12,17.51
351.19,17.51
351.26,17.51
351.33,17.52
351.4,17.52
351.47,17.52
351.54,17.52
351.61,17.52
351.68,17.52
351.75,17.52
351.82,17.52
351.89,17.51
351.96,17.52
352.03,17.51
352.1,17.51
352.17,17.51
352.24,17.51
352.31,17.5
352.38,17.5
352.45,17.5
352.52,17.5
352.59,17.5
352.66,17.49
352.73,17.49
352.8,17.49
352.87,17.48
352.94,17.48
353.01,17.48
353.08,17.48
353.15,17.47
353.22,17.47
353.29,17.47
353.36,17.46
353.43,17.46
353.5,17.46
353.57,17.46
353.64,17.46
353.71,17.45
353.78,17.45
353.85,17.44
353.92,17.44
353.99,17.44
354.06,17.44
354.13,17.44
354.2,17.44
354.27,17.44
354.34,17.44
354.41,22.55
354.48,22.55
354.55,22.55
354.62,22.55
354.69,22.55
354.76,22.55
354.83,22.55
354.9,22.54
354.97,22.54
355.04,22.54
355.11,22.54
355.18,22.54
355.25,22.54
355.32,22.54
355.39,22.54
355.46,22.54
355.53,22.53
355.6,22.53
355.67,22.53
355.74,22.53
355.81,22.53
355.88,22.53
355.95,22.53
356.02,22.53
356.09,22.53
356.16,22.53
356.23,22.53
356.3,22.53
356.37,22.52
356.44,22.52
356.51,22.51
356.58,22.51
356.65,22.49
356.72,22.48
356.79,22.48
356.86,22.48
356.93,22.47
357.0,22.47
357.07,22.47
357.14,22.46
357.21,22.46
357.28,22.46
357.35,22.46
357.42,22.46
357.49,22.46
357.56,22.47
357.63,22.47
357.7,22.48
357.77,22.48
357.84,22.49
357.91,22.49
357.98,22.48
358.05,22.48
358.12,22.49
358.19,22.49
358.26,22.49
358.33,22.48
358.4,22.48
358.47,22.47
358.54,22.45
358.61,22.44
358.68,22.43
358.75,22.43
358.82,22.44
358.89,22.46
358.96,22.47
359.03,22.48
359.1,22.48
359.17,22.48
359.24,22.48
359.31,22.48
359.38,22.47
359.45,22.46
359.52,22.43
359.59,22.41
359.66,22.4
359.73,22.41
359.8,22.42
359.87,22.44
359.94,22.44
360.01,22.44
360.08,22.44
360.15,22.44
360.22,22.43
360.29,22.43
360.36,22.43
360.43,22.42
360.5,22.43
360.57,22.43
360.64,22.42
360.71,22.42
360.78,22.42
360.85,22.42
360.92,22.43
360.99,22.42
361.06,22.42
361.13,22.42
361.2,22.42
361.27,22.42
361.34,22.42
361.41,22.42
361.48,22.42
361.55,22.42
361.62,22.42
361.69,22.42
361.76,22.42
361.83,22.42
361.9,22.42
361.97,22.42
362.04,22.42
362.11,22.42
362.18,22.42
362.25,22.42
362.32,22.41
362.39,22.41
362.46,22.41
362.53,22.41
362.6,22.4
362.67,22.4
362.74,22.4
362.81,22.39
362.88,22.39
362.95,22.38
363.02,22.37
363.09,22.36
363.16,22.34
363.23,22.33
363.3,22.32
363.37,22.31
363.44,22.32
363.51,22.32
363.58,22.33
363.65,22.34
363.72,22.35
363.79,22.36
363.86,22.37
363.93,22.37
364.0,22.38
364.07,22.38
364.14,22.38
364.21,22.37
364.28,22.37
364.35,22.37
364.42,22.37
364.49,22.36
364.56,22.36
364.63,22.35
364.7,22.35
364.77,22.35
364.84,22.34
364.91,22.34
364.98,22.33
365.05,22.33
365.12,22.32
365.19,22.32
365.26,22.32
365.33,22.32
365.4,22.32
365.47,22.31
365.54,22.3
365.61,22.29
365.68,22.29
365.75,22.28
365.82,22.28
365.89,22.28
365.96,22.28
366.03,22.28
366.1,22.29
366.17,22.29
366.24,22.29
366.31,22.3
366.38,22.3
366.45,22.29
366.52,22.29
366.59,22.29
366.66,22.29
366.73,22.29
366.8,22.3
366.87,22.3
366.94,22.31
367.01,22.31
367.08,22.3
367.15,22.31
367.22,22.31
367.29,22.3
367.36,22.31
367.43,22.31
367.5,22.31
367.57,22.31
367.64,22.31
367.71,22.3
367.78,22.31
367.85,22.3
367.92,22.3
367.99,22.3
368.06,22.29
368.13,22.29
368.2,22.28
368.27,22.28
368.34,22.26
368.41,22.25
368.48,22.25
368.55,22.25
368.62,22.25
368.69,22.25
368.76,22.26
368.83,22.26
368.9,22.27
368.97,22.28
369.04,22.28
369.11,22.28
369.18,22.29
369.25,22.28
369.32,22.28
369.39,22.28
369.46,22.28
369.53,22.28
369.6,22.27
369.67,22.27
369.74,22.27
369.81,22.27
369.88,22.27
369.95,22.26
370.02,22.26
370.09,22.26
370.16,22.24
370.23,22.22
370.3,22.2
370.37,22.17
370.44,22.16
370.51,22.17
370.58,22.19
370.65,22.22
370.72,22.23
370.79,22.23
370.86,22.23
370.93,22.23
371.0,22.23
371.07,22.23
371.14,22.21
371.21,22.18
371.28,22.16
371.35,22.16
371.42,22.19
371.49,22.21
371.56,22.21
371.63,22.21
371.7,22.21
371.77,22.21
371.84,22.21
371.91,22.21
371.98,22.21
372.05,22.21
372.12,22.21
372.19,22.2
372.26,22.2
372.33,22.18
372.4,22.17
372.47,22.17
372.54,22.18
372.61,22.18
372.68,22.18
372.75,22.18
372.82,22.17
372.89,22.16
372.96,22.15
373.03,22.14
373.1,22.14
373.17,22.15
373.24,22.16
373.31,22.17
373.38,22.18
373.45,22.19
373.52,22.19
373.59,22.19
373.66,22.19
373.73,22.19
373.8,22.19
373.87,22.19
373.94,22.19
374.01,22.19
374.08,22.19
374.15,22.19
374.22,22.18
374.29,22.18
374.36,22.17
374.43,22.16
374.5,22.15
374.57,22.12
374.64,22.11
374.71,22.09
374.78,22.09
374.85,22.09
374.92,22.1
374.99,22.11
375.06,22.13
375.13,22.14
375.2,22.15
375.27,22.15
375.34,22.15
375.41,22.15
375.48,22.15
375.55,22.15
375.62,22.15
375.69,22.14
375.76,22.15
375.83,22.14
375.9,22.13
375.97,22.12
376.04,22.11
376.11,22.1
376.18,22.1
376.25,22.1
376.32,22.09
376.39,22.09
376.46,22.09
376.53,22.09
376.6,22.08
376.67,22.08
376.74,22.08
376.81,22.08
376.88,22.08
376.95,22.08
377.02,22.08
377.09,22.07
377.16,22.08
377.23,22.07
377.3,22.07
377.37,22.07
377.44,22.07
377.51,22.07
377.58,22.07
377.65,22.07
377.72,22.06
377.79,22.06
377.86,22.06
377.93,22.06
378.0,22.06
378.07,22.06
378.14,22.07
378.21,22.07
378.28,22.07
378.35,22.08
378.42,22.08
378.49,22.09
378.56,22.09
378.63,22.09
378.7,22.1
378.77,22.1
378.84,22.1
378.91,22.1
378.98,22.1
379.05,22.1
379.12,22.1
379.19,22.09
379.26,22.09
379.33,22.09
379.4,22.09
379.47,22.09
379.54,22.09
379.61,22.09
379.68,22.09
379.75,22.09
379.82,22.09
379.89,22.09
379.96,22.09
380.03,22.09
380.1,22.09
380.17,22.08
380.24,22.08
380.31,22.08
380.38,22.08
380.45,22.08
380.52,22.07
380.59,22.07
380.66,22.07
380.73,22.07
380.8,22.07
380.87,22.06
380.94,22.06
381.01,22.06
381.08,22.06
381.15,22.06
381.22,22.05
381.29,22.05
381.36,22.05
381.43,22.05
381.5,22.05
381.57,22.05
381.64,22.05
381.71,22.05
381.78,22.05
381.85,22.05
381.92,22.04
381.99,22.04
382.06,22.04
382.13,22.04
382.2,22.03
382.27,22.03
382.34,22.02
382.41,22.01
382.48,22.02
382.55,22.02
382.62,22.01
382.69,22.01
382.76,22.01
382.83,22.01
382.9,22.0
382.97,22.0
383.04,21.99
383.11,21.98
383.18,21.98
383.25,21.98
383.32,21.97
383.39,21.96
383.46,21.96
383.53,21.95
383.6,21.95
383.67,21.94
383.74,21.94
383.81,21.94
383.88,21.93
383.95,21.93
384.02,21.93
384.09,21.93
384.16,21.94
384.23,21.94
384.3,21.94
384.37,21.95
384.44,21.96
384.51,21.96
384.58,21.97
384.65,21.98
384.72,21.98
384.79,21.98
384.86,21.98
384.93,21.99
385.0,21.99
385.07,21.99
385.14,21.99
385.21,21.99
385.28,21.99
385.35,21.99
385.42,21.99
385.49,21.99
385.56,21.99
385.63,21.99
385.7,21.98
385.77,21.98
385.84,21.98
385.91,21.98
385.98,21.97
386.05,21.97
386.12,21.97
386.19,21.97
386.26,21.97
386.33,21.97
386.4,21.97
386.47,21.97
386.54,21.96
386.61,21.97
386.68,21.96
386.75,21.96
386.82,21.96
386.89,21.95
386.96,21.95
387.03,21.94
387.1,21.94
387.17,21.94
387.24,21.93
387.31,21.93
387.38,21.93
387.45,21.92
387.52,21.92
387.59,21.92
387.66,21.91
387.73,21.91
387.8,21.9
387.87,21.89
387.94,21.88
388.01,21.87
388.08,21.85
388.15,21.84
388.22,21.83
388.29,21.82
388.36,21.82
388.43,21.83
388.5,21.83
388.57,21.84
388.64,21.84
388.71,21.85
388.78,21.86
388.85,21.86
388.92,21.87
388.99,21.88
389.06,21.89
389.13,21.9
389.2,21.9
389.27,21.9
389.34,21.9
389.41,21.9
389.48,21.9
389.55,21.91
389.62,21.9
389.69,21.9
389.76,21.9
389.83,21.9
389.9,21.9
389.97,21.9
390.04,21.9
390.11,21.9
390.18,21.89
390.25,21.89
390.32,21.87
390.39,21.86
390.46,21.84
390.53,21.83
390.6,21.83
390.67,21.85
390.74,21.86
390.81,21.88
390.88,21.88
390.95,21.89
391.02,21.89
391.09,21.89
391.16,21.89
391.23,21.89
391.3,21.88
391.37,21.88
391.44,21.88
391.51,21.86
391.58,21.84
391.65,21.81
391.72,21.79
391.79,21.79
391.86,21.79
391.93,21.79
392.0,21.79
392.07,21.79
392.14,21.8
392.21,21.8
392.28,21.81
392.35,21.82
392.42,21.83
392.49,21.84
392.56,21.85
392.63,21.85
392.7,21.85
392.77,21.85
392.84,21.85
392.91,21.85
392.98,21.85
393.05,21.85
393.12,21.85
393.19,21.85
393.26,21.85
393.33,21.85
393.4,21.85
393.47,21.85
393.54,21.85
393.61,21.85
393.68,21.85
393.75,21.85
393.82,21.85
393.89,21.84
393.96,21.84
394.03,21.84
394.1,21.84
394.17,21.84
394.24,21.84
394.31,21.84
394.38,21.84
394.45,21.84
394.52,21.84
394.59,21.84
394.66,21.83
394.73,21.83
394.8,21.83
394.87,21.83
394.94,21.83
395.01,21.83
395.08,21.83
395.15,21.83
395.22,21.82
395.29,21.82
395.36,21.82
395.43,21.82
395.5,21.81
395.57,21.81
395.64,21.81
395.71,21.8
395.78,21.79
395.85,21.79
395.92,21.78
395.99,21.77
396.06,21.76
396.13,21.75
396.2,21.75
396.27,21.74
396.34,21.73
396.41,21.74
396.48,21.73
396.55,21.73
396.62,21.74
396.69,21.73
396.76,21.74
396.83,21.74
396.9,21.74
396.97,21.74
397.04,21.73
397.11,21.73
397.18,21.74
397.25,21.74
397.32,21.74
397.39,21.74
397.46,21.75
397.53,21.77
397.6,21.78
397.67,21.78
397.74,21.78
397.81,21.78
397.88,21.78
397.95,21.78
398.02,21.78
398.09,21.78
398.16,21.78
398.23,21.78
398.3,21.78
398.37,21.77
398.44,21.77
398.51,21.77
398.58,21.76
398.65,21.74
398.72,21.72
398.79,21.7
398.86,21.69
398.93,21.69
399.0,21.69
399.07,21.69
399.14,21.71
399.21,21.72
399.28,21.73
399.35,21.75
399.42,21.76
399.49,21.76
399.56,21.76
399.63,21.76
399.7,21.76
399.77,21.76
399.84,21.76
399.91,21.76
399.98,21.76
400.05,21.75
400.12,21.74
400.19,21.74
400.26,21.72
400.33,21.72
400.4,21.71
400.47,21.7
400.54,21.7
400.61,21.68
400.68,21.69
400.75,21.7
400.82,21.71
400.89,21.72
400.96,21.73
401.03,21.74
401.1,21.73
401.17,21.73
401.24,21.73
401.31,21.73
401.38,21.73
401.45,21.72
401.52,21.72
401.59,21.72
401.66,21.72
401.73,21.72
401.8,21.72
401.87,21.71
401.94,21.71
402.01,21.71
402.08,21.7
402.15,21.7
402.22,21.69
402.29,21.69
402.36,21.69
402.43,21.68
402.5,21.67
402.57,21.66
402.64,21.65
402.71,21.64
402.78,21.64
402.85,21.63
402.92,21.62
402.99,21.62
403.06,21.62
403.13,21.62
403.2,21.62
403.27,21.62
403.34,21.62
403.41,21.62
403.48,21.63
403.55,21.63
403.62,21.63
403.69,21.64
403.76,21.64
403.83,21.65
403.9,21.66
403.97,21.67
404.04,21.67
404.11,21.67
404.18,21.67
404.25,21.67
404.32,21.67
404.39,21.67
404.46,21.67
404.53,21.65
404.6,21.64
404.67,21.63
404.74,21.63
404.81,21.63
404.88,21.64
404.95,21.65
405.02,21.66
405.09,21.66
405.16,21.66
405.23,21.66
405.3,21.67
405.37,21.66
405.44,21.66
405.51,21.66
405.58,21.66
405.65,21.66
405.72,21.66
405.79,21.65
405.86,21.66
405.93,21.65
406.0,21.64
406.07,21.64
406.14,21.63
406.21,21.62
406.28,21.61
406.35,21.61
406.42,21.59
406.49,21.58
406.56,21.58
406.63,21.58
406.7,21.58
406.77,21.58
406.84,21.58
406.91,21.58
406.98,21.57
407.05,21.57
407.12,21.59
407.19,21.59
407.26,21.6
407.33,21.62
407.4,21.63
407.47,21.64
407.54,21.65
407.61,21.65
407.68,21.64
407.75,21.64
407.82,21.64
407.89,21.64
407.96,21.63
408.03,21.63
408.1,21.63
408.17,21.62
408.24,21.61
408.31,21.6
408.38,21.59
408.45,21.59
408.52,21.6
408.59,21.61
408.66,21.6
408.73,21.6
408.8,21.6
408.87,21.6
408.94,21.6
409.01,21.59
409.08,21.59
409.15,21.59
409.22,21.59
409.29,21.59
409.36,21.59
409.43,21.58
409.5,21.59
409.57,21.59
409.64,21.59
409.71,21.59
409.78,21.59
409.85,21.59
409.92,21.58
409.99,21.58
410.06,21.57
410.13,21.56
410.2,21.53
410.27,21.51
410.34,21.49
410.41,21.5
410.48,21.52
410.55,21.54
410.62,21.56
410.69,21.57
410.76,21.57
410.83,21.57
410.9,21.57
410.97,21.56
411.04,21.56
411.11,21.56
411.18,21.55
411.25,21.54
411.32,21.51
411.39,21.5
411.46,21.49
411.53,21.5
411.6,21.51
411.67,21.53
411.74,21.55
411.81,21.55
411.88,21.55
411.95,21.55
412.02,21.55
412.09,21.55
412.16,21.55
412.23,21.54
412.3,21.52
412.37,21.5
412.44,21.48
412.51,21.47
412.58,21.47
412.65,21.49
412.72,21.51
412.79,21.54
412.86,21.55
412.93,21.55
413.0,21.55
413.07,21.55
413.14,21.55
413.21,21.55
413.28,21.55
413.35,21.54
413.42,21.52
413.49,21.51
413.56,21.5
413.63,21.49
413.7,21.51
413.77,21.48
413.84,21.47
413.91,21.48
413.98,21.49
414.05,21.5
414.12,21.52
414.19,21.53
414.26,21.53
414.33,21.53
414.4,21.53
414.47,21.53
414.54,21.53
414.61,21.53
414.68,21.53
414.75,21.52
414.82,21.52
414.89,21.51
414.96,21.51
415.03,21.5
415.1,21.49
415.17,21.47
415.24,21.46
415.31,21.47
415.38,21.47
415.45,21.48
415.52,21.48
415.59,21.47
415.66,21.46
415.73,21.44
415.8,21.42
415.87,21.42
415.94,21.42
416.01,21.44
416.08,21.46
416.15,21.48
416.22,21.49
416.29,21.5
416.36,21.5
416.43,21.49
416.5,21.49
416.57,21.48
416.64,21.48
416.71,21.48
416.78,21.48
416.85,21.48
416.92,21.49
416.99,21.5
417.06,21.49
417.13,21.5
417.2,21.5
417.27,21.5
417.34,21.49
417.41,21.49
417.48,21.49
417.55,21.49
417.62,21.48
417.69,21.45
417.76,21.42
417.83,21.41
417.9,21.41
417.97,21.43
418.04,21.45
418.11,21.47
418.18,21.47
418.25,21.47
418.32,21.47
418.39,21.47
418.46,21.47
418.53,21.47
418.6,21.47
418.67,21.47
418.74,21.46
418.81,21.45
418.88,21.44
418.95,21.42
419.02,21.41
419.09,21.4
419.16,21.4
419.23,21.39
419.3,21.38
419.37,21.37
419.44,21.36
419.51,21.36
419.58,21.37
419.65,21.38
419.72,21.39
419.79,21.4
419.86,21.4
419.93,21.4
420.0,21.4
420.07,21.39
420.14,21.39
420.21,21.4
420.28,21.42
420.35,21.41
420.42,21.42
420.49,21.44
420.56,21.44
420.63,21.45
420.7,21.45
420.77,21.44
420.84,21.44
420.91,21.44
420.98,21.44
421.05,21.44
421.12,21.43
421.19,21.43
421.26,21.43
421.33,21.43
421.4,21.42
421.47,21.39
421.54,21.36
421.61,21.35
421.68,21.35
421.75,21.38
421.82,21.41
421.89,21.43
421.96,21.44
422.03,21.44
422.1,21.44
422.17,21.43
422.24,21.43
422.31,21.43
422.38,21.43
422.45,21.42
422.52,21.41
422.59,21.39
422.66,21.38
422.73,21.38
422.8,21.38
422.87,21.38
422.94,21.37
423.01,21.36
423.08,21.34
423.15,21.34
423.22,21.33
423.29,21.34
423.36,21.34
423.43,21.37
423.5,21.37
423.57,21.38
423.64,21.37
423.71,21.37
423.78,21.36
423.85,21.35
423.92,21.34
423.99,21.32
424.06,21.32
424.13,21.33
424.2,21.33
424.27,21.34
424.34,21.35
424.41,21.35
424.48,21.36
424.55,21.36
424.62,21.36
424.69,21.35
424.76,21.34
424.83,21.33
424.9,21.33
424.97,21.33
425.04,21.34
425.11,21.34
425.18,21.34
425.25,21.34
425.32,21.34
425.39,21.33
425.46,21.32
425.53,21.32
425.6,21.32
425.67,21.32
425.74,21.32
425.81,21.33
425.88,21.33
425.95,21.33
426.02,21.33
426.09,21.33
426.16,21.33
426.23,21.33
426.3,21.32
426.37,21.32
426.44,21.32
426.51,21.33
426.58,21.34
426.65,21.34
426.72,21.36
426.79,21.36
426.86,21.38
426.93,21.38
427.0,21.38
427.07,21.37
427.14,21.36
427.21,21.35
427.28,21.33
427.35,21.32
427.42,21.31
427.49,21.31
427.56,21.31
427.63,21.31
427.7,21.31
427.77,21.31
427.84,21.32
427.91,21.34
427.98,21.35
428.05,21.35
428.12,21.36
428.19,21.36
428.26,21.37
428.33,21.37
428.4,21.37
428.47,21.37
428.54,21.37
428.61,21.37
428.68,21.36
428.75,21.36
428.82,21.35
428.89,21.32
428.96,21.31
429.03,21.31
429.1,21.3
429.17,21.29
429.24,21.3
429.31,21.31
429.38,21.34
429.45,21.35
429.52,21.35
429.59,21.35
429.66,21.35
429.73,21.35
429.8,21.35
429.87,21.34
429.94,21.34
430.01,21.34
430.08,21.32
430.15,21.31
430.22,21.29
430.29,21.28
430.36,21.27
430.43,21.27
430.5,21.3
430.57,21.31
430.64,21.33
430.71,21.33
430.78,21.32
430.85,21.33
430.92,21.33
430.99,21.33
431.06,21.33
431.13,21.33
431.2,21.33
431.27,21.34
431.34,21.34
431.41,21.34
431.48,21.34
431.55,21.34
431.62,21.34
431.69,21.33
431.76,21.33
431.83,21.33
431.9,21.32
431.97,21.3
432.04,21.28
432.11,21.27
432.18,21.28
432.25,21.29
432.32,21.3
432.39,21.31
432.46,21.3
432.53,21.3
432.6,21.29
432.67,21.29
432.74,21.28
432.81,21.27
432.88,21.26
432.95,21.26
433.02,21.25
433.09,21.25
433.16,21.25
433.23,21.25
433.3,21.25
433.37,21.25
433.44,21.25
433.51,21.25
433.58,21.25
433.65,21.25
433.72,21.25
433.79,21.26
433.86,21.26
433.93,21.26
434.0,21.27
434.07,21.26
434.14,21.26
434.21,21.27
434.28,21.27
434.35,21.27
434.42,21.27
434.49,21.27
434.56,21.27
434.63,21.27
434.7,21.27
434.77,21.28
434.84,21.28
434.91,21.28
434.98,21.29
435.05,21.29
435.12,21.29
435.19,21.29
435.26,21.29
435.33,21.29
435.4,21.29
435.47,21.29
435.54,21.28
435.61,21.28
435.68,21.29
435.75,21.28
435.82,21.28
435.89,21.28
435.96,21.28
436.03,21.28
436.1,21.27
436.17,21.26
436.24,21.25
436.31,21.24
436.38,21.24
436.45,21.23
436.52,21.23
436.59,21.22
436.66,21.22
436.73,21.22
436.8,21.23
436.87,21.23
436.94,21.24
437.01,21.24
437.08,21.24
437.15,21.24
437.22,21.23
437.29,21.23
437.36,21.23
437.43,21.23
437.5,21.22
437.57,21.22
437.64,21.23
437.71,21.23
437.78,21.24
437.85,21.24
437.92,21.24
437.99,21.24
438.06,21.24
438.13,21.23
438.2,21.23
438.27,21.23
438.34,21.22
438.41,21.22
438.48,21.23
438.55,21.23
438.62,21.23
438.69,21.24
438.76,21.24
438.83,21.23
438.9,21.24
438.97,21.23
439.04,21.23
439.11,21.23
439.18,21.23
439.25,21.22
439.32,21.23
439.39,21.23
439.46,21.23
439.53,21.24
439.6,21.24
439.67,21.24
439.74,21.24
439.81,21.23
439.88,21.23
439.95,21.23
440.02,21.23
440.09,21.23
440.16,21.23
440.23,21.23
440.3,21.23
440.37,21.23
440.44,21.22
440.51,21.22
440.58,21.22
440.65,21.22
440.72,21.22
440.79,21.21
440.86,21.21
440.93,21.21
441.0,21.21
441.07,21.21
441.14,21.21
441.21,21.2
441.28,21.2
441.35,21.2
441.42,21.2
441.49,21.18
441.56,21.16
441.63,21.14
441.7,21.14
441.77,21.13
441.84,21.14
441.91,21.15
441.98,21.15
442.05,21.17
442.12,21.19
442.19,21.19
442.26,21.2
442.33,21.2
442.4,21.2
442.47,21.2
442.54,21.2
442.61,21.2
442.68,21.2
442.75,21.19
442.82,21.19
442.89,21.18
442.96,21.16
443.03,21.14
443.1,21.12
443.17,21.1
443.24,21.1
443.31,21.12
443.38,21.13
443.45,21.15
443.52,21.16
443.59,21.16
443.66,21.17
443.73,21.17
443.8,21.17
443.87,21.17
443.94,21.17
444.01,21.17
444.08,21.16
444.15,21.16
444.22,21.15
444.29,21.14
444.36,21.12
444.43,21.11
444.5,21.11
444.57,21.1
444.64,21.09
444.71,21.08
444.78,21.07
444.85,21.07
444.92,21.07
444.99,21.06
445.06,21.07
445.13,21.07
445.2,21.08
445.27,21.08
445.34,21.09
445.41,21.1
445.48,21.11
445.55,21.11
445.62,21.12
445.69,21.11
445.76,21.11
445.83,21.11
445.9,21.11
445.97,21.11
446.04,21.11
446.11,21.1
446.18,21.1
446.25,21.11
446.32,21.09
446.39,21.09
446.46,21.09
446.53,21.1
446.6,21.09
446.67,21.1
446.74,21.1
446.81,21.11
446.88,21.12
446.95,21.13
447.02,21.14
447.09,21.14
447.16,21.15
447.23,21.16
447.3,21.17
447.37,21.17
447.44,21.18
447.51,21.17
447.58,21.17
447.65,21.17
447.72,21.17
447.79,21.16
447.86,21.16
447.93,21.16
448.0,21.16
448.07,21.16
448.14,21.15
448.21,21.15
448.28,21.14
448.35,21.14
448.42,21.13
448.49,21.13
448.56,21.11
448.63,21.1
448.7,21.08
448.77,21.06
448.84,21.06
448.91,21.06
448.98,21.07
449.05,21.09
449.12,21.1
449.19,21.11
449.26,21.13
449.33,21.13
449.4,21.13
449.47,21.13
449.54,21.13
449.61,21.13
449.68,21.13
449.75,21.13
449.82,21.13
449.89,21.13
449.96,21.13
450.03,21.13
450.1,21.13
450.17,21.13
450.24,21.13
450.31,21.13
450.38,21.12
450.45,21.12
450.52,21.11
450.59,21.11
450.66,21.1
450.73,21.1
450.8,21.1
450.87,21.09
450.94,21.09
451.01,21.09
451.08,21.08
451.15,21.07
451.22,21.07
451.29,21.06
451.36,21.06
451.43,21.06
451.5,21.06
451.57,21.06
451.64,21.07
451.71,21.07
451.78,21.07
451.85,21.08
451.92,21.08
451.99,21.08
452.06,21.08
452.13,21.08
452.2,21.09
452.27,21.09
452.34,21.09
452.41,21.1
452.48,21.1
452.55,21.1
452.62,21.1
452.69,21.1
452.76,21.1
452.83,21.1
452.9,21.1
452.97,21.11
453.04,21.11
453.11,21.11
453.18,21.12
453.25,21.12
453.32,21.12
453.39,21.12
453.46,21.12
453.53,21.11
453.6,21.11
453.67,21.11
453.74,21.11
453.81,21.11
453.88,21.11
453.95,21.11
454.02,21.1
454.09,21.1
454.16,21.1
454.23,21.1
454.3,21.1
454.37,21.09
454.44,21.09
454.51,21.08
454.58,21.08
454.65,21.07
454.72,21.06
454.79,21.05
454.86,21.04
454.93,21.03
455.0,21.02
455.07,21.02
455.14,21.02
455.21,21.01
455.28,21.02
455.35,21.02
455.42,21.02
455.49,21.02
455.56,21.02
455.63,21.03
455.7,21.03
455.77,21.04
455.84,21.04
455.91,21.05
455.98,21.05
456.05,21.06
456.12,21.06
456.19,21.07
456.26,21.07
456.33,21.08
456.4,21.08
456.47,21.08
456.54,21.08
456.61,21.08
456.68,21.08
456.75,21.08
456.82,21.08
456.89,21.08
456.96,21.08
457.03,21.08
457.1,21.08
457.17,21.08
457.24,21.08
457.31,21.08
457.38,21.08
457.45,21.08
457.52,21.07
457.59,21.07
457.66,21.07
457.73,21.07
457.8,21.07
457.87,21.06
457.94,21.06
458.01,21.06
458.08,21.06
458.15,21.05
458.22,21.05
458.29,21.04
458.36,21.02
458.43,21.02
458.5,21.01
458.57,21.0
458.64,20.99
458.71,20.99
458.78,20.98
458.85,20.98
458.92,20.98
458.99,20.99
459.06,21.0
459.13,21.01
459.2,21.02
459.27,21.04
459.34,21.05
459.41,21.06
459.48,21.06
459.55,21.06
459.62,21.07
459.69,21.06
459.76,21.06
459.83,21.06
459.9,21.06
459.97,21.06
460.04,21.06
460.11,21.06
460.18,21.06
460.25,21.06
460.32,21.06
460.39,21.05
460.46,21.05
460.53,21.05
460.6,21.05
460.67,21.05
460.74,21.04
460.81,21.03
460.88,21.02
460.95,21.01
461.02,21.0
461.09,20.99
461.16,20.98
461.23,20.98
461.3,20.98
461.37,20.98
461.44,20.98
461.51,20.97
461.58,20.98
461.65,20.98
461.72,20.98
461.79,20.98
461.86,20.98
461.93,20.99
462.0,21.0
462.07,21.0
462.14,21.01
462.21,21.03
462.28,21.04
462.35,21.05
462.42,21.05
462.49,21.06
462.56,21.06
462.63,21.06
462.7,21.06
462.77,21.06
462.84,21.05
462.91,21.05
462.98,21.05
463.05,21.05
463.12,21.05
463.19,21.05
463.26,21.04
463.33,21.04
463.4,21.04
463.47,21.03
463.54,21.02
463.61,21.01
463.68,21.0
463.75,20.99
463.82,20.99
463.89,20.98
463.96,20.98
464.03,20.98
464.1,20.98
464.17,20.98
464.24,20.98
464.31,20.99
464.38,20.99
464.45,20.99
464.52,20.99
464.59,21.01
464.66,21.01
464.73,21.01
464.8,21.01
464.87,21.01
464.94,21.0
465.01,20.99
465.08,21.0
465.15,21.0
465.22,21.0
465.29,20.97
465.36,20.98
465.43,20.99
465.5,21.0
465.57,21.02
465.64,21.02
465.71,21.03
465.78,21.03
465.85,21.03
465.92,21.03
465.99,21.04
466.06,21.03
466.13,21.03
466.2,21.03
466.27,21.03
466.34,21.03
466.41,21.03
466.48,21.03
466.55,21.02
466.62,21.0
466.69,20.99
466.76,20.98
466.83,20.97
466.9,20.97
466.97,20.97
467.04,20.97
467.11,20.97
467.18,20.98
467.25,20.98
467.32,20.97
467.39,20.96
467.46,20.95
467.53,20.95
467.6,20.95
467.67,20.95
467.74,20.95
467.81,20.95
467.88,20.95
467.95,20.94
468.02,20.95
468.09,20.94
468.16,20.94
468.23,20.94
468.3,20.94
468.37,20.94
468.44,20.94
468.51,20.94
468.58,20.94
468.65,20.94
468.72,20.94
468.79,20.94
468.86,20.94
468.93,20.94
469.0,20.94
469.07,20.94
469.14,20.94
469.21,20.94
469.28,20.94
469.35,20.94
469.42,20.94
469.49,20.94
469.56,20.94
469.63,20.95
469.7,20.95
469.77,20.95
469.84,20.95
469.91,20.95
469.98,20.97
470.05,20.97
470.12,20.98
470.19,20.99
470.26,21.0
470.33,21.0
470.4,21.01
470.47,21.02
470.54,21.02
470.61,21.02
470.68,21.02
470.75,21.02
470.82,21.02
470.89,21.02
470.96,21.02
471.03,21.02
471.1,21.02
471.17,21.02
471.24,21.02
471.31,21.02
471.38,21.01
471.45,21.01
471.52,21.01
471.59,21.01
471.66,21.01
471.73,21.01
471.8,21.01
471.87,21.01
471.94,21.01
472.01,21.0
472.08,21.0
472.15,21.0
472.22,21.0
472.29,21.0
472.36,21.0
472.43,20.99
472.5,20.99
472.57,20.99
472.64,20.99
472.71,20.99
472.78,20.98
472.85,20.98
472.92,20.97
472.99,20.97
473.06,20.96
473.13,20.96
473.2,20.96
473.27,20.95
473.34,20.94
473.41,20.94
473.48,20.94
473.55,20.93
473.62,20.94
473.69,20.94
473.76,20.94
473.83,20.93
473.9,20.94
473.97,20.94
474.04,20.94
474.11,20.93
474.18,20.93
474.25,20.94
474.32,20.94
474.39,20.94
474.46,20.94
474.53,20.94
474.6,20.94
474.67,20.95
474.74,20.95
474.81,20.96
474.88,20.96
474.95,20.96
475.02,20.97
475.09,20.97
475.16,20.98
475.23,20.98
475.3,20.98
475.37,20.99
475.44,20.99
475.51,20.99
475.58,20.99
475.65,20.99
475.72,20.99
475.79,20.99
475.86,20.99
475.93,20.99
476.0,20.99
476.07,20.99
476.14,20.99
476.21,20.99
476.28,20.99
476.35,20.99
476.42,20.99
476.49,20.99
476.56,20.99
476.63,20.99
476.7,20.99
476.77,20.99
476.84,20.99
476.91,20.99
476.98,20.99
477.05,20.99
477.12,20.99
477.19,20.99
477.26,20.99
477.33,20.99
477.4,20.99
477.47,20.99
477.54,20.99
477.61,20.98
477.68,20.98
477.75,20.98
477.82,20.98
477.89,20.98
477.96,20.97
478.03,20.97
478.1,20.97
478.17,20.97
478.24,20.97
478.31,20.97
478.38,20.97
478.45,20.97
478.52,20.97
478.59,20.97
478.66,20.97
478.73,20.97
478.8,20.96
478.87,20.96
478.94,20.97
479.01,20.97
479.08,20.96
479.15,20.96
479.22,20.97
479.29,20.96
479.36,20.96
479.43,20.96
479.5,20.96
479.57,20.96
479.64,20.96
479.71,20.96
479.78,20.96
479.85,20.96
479.92,20.96
479.99,20.96
480.06,20.96
480.13,20.95
480.2,20.96
480.27,20.96
480.34,20.95
480.41,20.96
480.48,20.95
480.55,20.95
480.62,20.95
480.69,20.95
480.76,20.95
480.83,20.95
480.9,20.95
480.97,20.94
481.04,20.94
481.11,20.94
481.18,20.93
481.25,20.93
481.32,20.93
481.39,20.93
481.46,20.92
481.53,20.92
481.6,20.92
481.67,20.91
481.74,20.89
481.81,20.89
481.88,20.89
481.95,20.92
482.02,20.91
482.09,20.92
482.16,20.93
482.23,20.93
482.3,20.94
482.37,20.94
482.44,20.95
482.51,20.95
482.58,20.95
482.65,20.95
482.72,20.95
482.79,20.95
482.86,20.95
482.93,20.95
483.0,20.95
483.07,20.95
483.14,20.95
483.21,20.94
483.28,20.94
483.35,20.94
483.42,20.94
483.49,20.94
483.56,20.93
483.63,20.93
483.7,20.92
483.77,20.91
483.84,20.91
483.91,20.9
483.98,20.9
484.05,20.9
484.12,20.9
484.19,20.89
484.26,20.89
484.33,20.89
484.4,20.89
484.47,20.89
484.54,20.89
484.61,20.89
484.68,20.9
484.75,20.9
484.82,20.9
484.89,20.9
484.96,20.91
485.03,20.91
485.1,20.92
485.17,20.92
485.24,20.92
485.31,20.93
485.38,20.93
485.45,20.94
485.52,20.94
485.59,20.94
485.66,20.94
485.73,20.94
485.8,20.94
485.87,20.94
485.94,20.94
486.01,20.94
486.08,20.94
486.15,20.94
486.22,20.94
486.29,20.94
486.36,20.94
486.43,20.94
486.5,20.94
486.57,20.94
486.64,20.94
486.71,20.93
486.78,20.93
486.85,20.93
486.92,20.93
486.99,20.93
487.06,20.93
487.13,20.93
487.2,20.93
487.27,20.93
487.34,20.93
487.41,20.93
487.48,20.93
487.55,20.93
487.62,20.93
487.69,20.92
487.76,20.93
487.83,20.92
487.9,20.92
487.97,20.92
488.04,20.92
488.11,20.92
488.18,20.92
488.25,20.91
488.32,20.9
488.39,20.89
488.46,20.88
488.53,20.87
488.6,20.86
488.67,20.86
488.74,20.85
488.81,20.85
488.88,20.85
488.95,20.86
489.02,20.87
489.09,20.88
489.16,20.89
489.23,20.9
489.3,20.91
489.37,20.91
489.44,20.91
489.51,20.92
489.58,20.92
489.65,20.92
489.72,20.92
489.79,20.91
489.86,20.91
489.93,20.91
490.0,20.91
490.07,20.91
490.14,20.91
490.21,20.91
490.28,20.91
490.35,20.91
490.42,20.9
490.49,20.9
490.56,20.9
490.63,20.9
490.7,20.9
490.77,20.9
490.84,20.9
490.91,20.9
490.98,20.9
491.05,20.9
491.12,20.89
491.19,20.89
491.26,20.88
491.33,20.87
491.4,20.87
491.47,20.86
491.54,20.86
491.61,20.86
491.68,20.86
491.75,20.86
491.82,20.86
491.89,20.86
491.96,20.86
492.03,20.86
492.1,20.86
492.17,20.86
492.24,20.86
492.31,20.87
492.38,20.87
492.45,20.87
492.52,20.88
492.59,20.88
492.66,20.88
492.73,20.89
492.8,20.89
492.87,20.89
492.94,20.89
493.01,20.89
493.08,20.9
493.15,20.9
493.22,20.9
493.29,20.9
493.36,20.9
493.43,20.9
493.5,20.9
493.57,20.9
493.64,20.9
493.71,20.91
493.78,20.9
493.85,20.9
493.92,20.91
493.99,20.91
494.06,20.91
494.13,20.91
494.2,20.91
494.27,20.91
494.34,20.91
494.41,20.91
494.48,20.91
494.55,20.91
494.62,20.91
494.69,20.91
494.76,20.91
494.83,20.91
494.9,20.91
494.97,20.91
495.04,20.91
495.11,20.91
495.18,20.91
495.25,20.91
495.32,20.91
495.39,20.91
495.46,20.91
495.53,20.91
495.6,20.9
495.67,20.91
495.74,20.91
495.81,20.91
495.88,20.9
495.95,20.91
496.02,20.9
496.09,20.9
496.16,20.91
496.23,20.9
496.3,20.9
496.37,20.9
496.44,20.91
496.51,20.91
496.58,20.9
496.65,20.9
496.72,20.9
496.79,20.9
496.86,20.9
496.93,20.9
497.0,20.9
497.07,20.9
497.14,20.9
497.21,20.9
497.28,20.9
497.35,20.9
497.42,20.9
497.49,20.9
497.56,20.9
497.63,20.9
497.7,20.9
497.77,20.9
497.84,20.9
497.91,20.9
497.98,20.89
498.05,20.89
498.12,20.89
498.19,20.89
498.26,20.89
498.33,20.89
498.4,20.89
498.47,20.89
498.54,20.88
498.61,20.88
498.68,20.87
498.75,20.87
498.82,20.86
498.89,20.86
498.96,20.85
499.03,20.85
499.1,20.84
499.17,20.84
499.24,20.83
499.31,20.83
499.38,20.82
499.45,20.83
499.52,20.82
499.59,20.83
499.66,20.83
499.73,20.83
499.8,20.83
499.87,20.83
499.94,20.83
500.01,20.83
500.08,20.83
500.15,20.83
500.22,20.84
500.29,20.84
500.36,20.84
500.43,20.84
500.5,20.84
500.57,20.84
500.64,20.84
500.71,20.84
500.78,20.84
500.85,20.84
500.92,20.83
500.99,20.83
501.06,20.83
501.13,20.83
501.2,20.82
501.27,20.83
501.34,20.83
501.41,20.83
501.48,20.84
501.55,20.84
501.62,20.85
501.69,20.86
501.76,20.86
501.83,20.87
501.9,20.87
501.97,20.88
502.04,20.89
502.11,20.89
502.18,20.89
502.25,20.89
502.32,20.89
502.39,20.89
502.46,20.89
502.53,20.89
502.6,20.89
502.67,20.89
502.74,20.89
502.81,20.89
502.88,20.89
502.95,20.89
503.02,20.89
503.09,20.89
503.16,20.89
503.23,20.89
503.3,20.89
503.37,20.89
503.44,20.89
503.51,20.88
503.58,20.88
503.65,20.88
503.72,20.87
503.79,20.87
503.86,20.86
503.93,20.85
504.0,20.85
504.07,20.84
504.14,20.84
504.21,20.83
504.28,20.83
504.35,20.82
504.42,20.82
504.49,20.82
504.56,20.82
504.63,20.82
504.7,20.83
504.77,20.83
504.84,20.83
504.91,20.84
504.98,20.84
505.05,20.84
505.12,20.85
505.19,20.84
505.26,20.84
505.33,20.84
505.4,20.84
505.47,20.83
505.54,20.84
505.61,20.84
505.68,20.85
505.75,20.85
505.82,20.86
505.89,20.87
505.96,20.88
506.03,20.89
506.1,20.89
506.17,20.89
506.24,20.9
506.31,20.9
506.38,20.9
506.45,20.9
506.52,20.9
506.59,20.9
506.66,20.91
506.73,20.9
506.8,20.9
506.87,20.9
506.94,20.9
507.01,20.9
507.08,20.9
507.15,20.9
507.22,20.9
507.29,20.9
507.36,20.9
507.43,20.9
507.5,20.87
507.57,20.84
507.64,20.79
507.71,20.84
507.78,20.89
507.85,20.9
507.92,20.9
507.99,20.89
508.06,20.88
508.13,20.87
508.2,20.85
508.27,20.82
508.34,20.79
508.41,20.78
508.48,20.77
508.55,20.77
508.62,20.77
508.69,20.77
508.76,20.78
508.83,20.78
508.9,20.78
508.97,20.78
509.04,20.77
509.11,20.77
509.18,20.78
509.25,20.77
509.32,20.78
509.39,20.78
509.46,20.78
509.53,20.78
509.6,20.78
509.67,20.78
509.74,20.78
509.81,20.79
509.88,20.79
509.95,20.79
510.02,20.79
510.09,20.79
510.16,20.79
510.23,20.79
510.3,20.79
510.37,20.8
510.44,20.8
510.51,20.8
510.58,20.8
510.65,20.8
510.72,20.8
510.79,20.8
510.86,20.8
510.93,20.81
511.0,20.8
511.07,20.8
511.14,20.81
511.21,20.81
511.28,20.81
511.35,20.82
511.42,20.82
511.49,20.82
511.56,20.82
511.63,20.82
511.7,20.82
511.77,20.82
511.84,20.83
511.91,20.83
511.98,20.83
512.05,20.83
512.12,20.83
512.19,20.83
512.26,20.83
512.33,20.83
512.4,20.83
512.47,20.83
512.54,20.84
512.61,20.83
512.68,20.84
512.75,20.84
512.82,20.84
512.89,20.84
512.96,20.84
513.03,20.84
513.1,20.84
513.17,20.84
513.24,20.84
513.31,20.85
513.38,20.85
513.45,20.85
513.52,20.85
513.59,20.85
513.66,20.85
513.73,20.85
513.8,20.85
513.87,20.85
513.94,20.85
514.01,20.85
514.08,20.85
514.15,20.85
514.22,20.85
514.29,20.85
514.36,20.85
514.43,20.85
514.5,20.85
514.57,20.85
514.64,20.85
514.71,20.85
514.78,20.85
514.85,20.85
514.92,20.85
514.99,20.85
515.06,20.85
515.13,20.85
515.2,20.85
515.27,20.85
515.34,20.86
515.41,20.85
515.48,20.86
515.55,20.86
515.62,20.86
515.69,20.86
515.76,20.86
515.83,20.86
515.9,20.86
515.97,20.87
516.04,20.87
516.11,20.87
516.18,20.87
516.25,20.87
516.32,20.87
516.39,20.87
516.46,20.87
516.53,20.87
516.6,20.87
516.67,20.87
516.74,20.87
516.81,20.88
516.88,20.88
516.95,20.88
517.02,20.88
517.09,20.88
517.16,20.88
517.23,20.88
517.3,20.88
517.37,20.88
517.44,20.89
517.51,20.89
517.58,20.89
517.65,20.89
517.72,20.89
517.79,20.89
517.86,20.89
517.93,20.89
518.0,20.89
518.07,20.89
518.14,20.89
518.21,20.89
518.28,20.89
518.35,20.89
518.42,20.9
518.49,20.9
518.56,20.89
518.63,20.9
518.7,20.9
518.77,20.9
518.84,20.9
518.91,20.9
518.98,20.9
519.05,20.9
519.12,20.9
519.19,20.9
519.26,20.9
519.33,20.9
519.4,20.9
519.47,20.9
519.54,20.9
519.61,20.9
519.68,20.9
519.75,20.9
519.82,20.9
519.89,20.9
519.96,20.9
520.03,20.9
520.1,20.9
520.17,20.9
520.24,20.9
520.31,20.9
520.38,20.9
520.45,20.9
520.52,20.9
520.59,20.9
520.66,20.9
520.73,20.9
520.8,20.9
520.87,20.9
520.94,20.9
521.01,20.9
521.08,20.91
521.15,20.91
521.22,20.9
521.29,20.9
